phase,time_sec,,disaDegC,weight,fuel,palt_m,palt_ft,ktas,kcas,dist_km,dist_nm,grad_deg,roc_mps,prop1_J,prop1_Cp,prop1_eta,prop1_thrust_N,prop1_rpm,prop1_power_W,turb1_FuelFlow_kgph,turb1_power_kW,turb1_JetThrust_N,,turb1_pla,gearBox1_PowerIn_W,gearBox1_PowerOut_W,motor1_1_powerOut_W,motor1_1_powerDraw_W,,,motor1_1_pla,prop2_J,prop2_Cp,prop2_eta,prop2_thrust_N,prop2_rpm,prop2_power_W,turb2_FuelFlow_kgph,turb2_power_kW,turb2_JetThrust_N,turb2_pla,gearBox2_PowerIn_W,gearBox2_PowerOut_W,motor2_1_powerOut_W,motor2_1_powerDraw_W,motor2_1_pla,prop3_J,prop3_Cp,prop3_eta,prop3_thrust_N,prop3_rpm,prop3_power_W,turb3_FuelFlow_kgph,turb3_power_kW,turb3_JetThrust_N,turb3_pla,gearBox3_PowerIn_W,gearBox3_PowerOut_W,motor3_1_powerOut_W,motor3_1_powerDraw_W,,motor3_1_pla,prop4_J,prop4_Cp,prop4_eta,prop4_thrust_N,prop4_rpm,prop4_power_W,turb4_FuelFlow_kgph,turb4_power_kW,turb4_JetThrust_N,turb4_pla,gearBox4_PowerIn_W,gearBox4_PowerOut_W,motor4_1_powerOut_W,motor4_1_powerDraw_W,motor4_1_pla,electricON,turbineON,fuelFlowSum_kgph,powerElecOutSum_W,powerElecDrawSum_W,powerTurbSum_W,propThrustSum_N,turbThrustSum_N,totalThrustSum_N,batt1_soc,batt1_temp_degC,batt1_voltage,,batt1_current,,batt1_power_W,,,,batt1_CRate,batt1_heatRate_W,batt1_eta,batt1_OCV,Cell_OCV,Cell_ir0,batt1_cooling_W,batt_minSOC,batt_minVoltage,mach,satDegC,cd,cl
start,0,,0,37689.81806,1133.308941,0,0,0,0,0,0,0,0,0,0,0,0,0,0,0,0,0,,0,0,0,0,0,,,0,0,0,0,0,0,0,0,0,0,0,0,0,0,0,0,0,0,0,0,0,0,0,0,0,0,0,0,0,0,,0,0,0,0,0,0,0,0,0,0,0,0,0,0,0,0,0,0,0,0,0,0,0,0,0,0.9,25,635.9243243,,172.9730891,,109997.7948,109.9977948,182.1370604,72.13706041,0.067147938,700.8296317,0.993628694,642.4715156,,#DIV/0!,0,0.9,635.9243243,0,15,,
taxi-out,50,0.833333333,0,37689.81806,1133.308941,0,0,0.416666667,0.416666667,0,0,0,0,0,0,0,-0.006796379,0,0,0,0,0,,-99,15000,3612.392704,15000,18034.2651,182.1370604,0.83175,0.15,0,0,0,-0.006796379,0,0,0,0,0,-99,15000,3612.392704,15000,18034.2651,0.15,0,0,0,-0.006796379,0,0,0,0,0,-99,15000,3612.392704,15000,18034.2651,,0.15,0,0,0,-0.006796379,0,0,0,0,0,-99,15000,3612.392704,15000,18034.2651,0.15,1,0,0,60000,72137.06041,0,-0.027185517,0,-0.027185517,0.899544142,25.00044812,854.4459803,,84.54670249,,72240.5901,72.2405901,182.1370604,,0.032820925,53.75234184,0.999255926,855.12,,#DIV/0!,0,0.899544142,854.4459803,0.000629902,15,0,0
taxi-out,100,1.666666667,0,37689.81806,1133.308941,0,0,0.833333333,0.833333333,0,0,0,0,0,0,0,-0.027185517,0,0,0,0,0,,-99,15000,3612.392704,15000,18034.2651,182.1370604,0.83175,0.15,0,0,0,-0.027185517,0,0,0,0,0,-99,15000,3612.392704,15000,18034.2651,0.15,0,0,0,-0.027185517,0,0,0,0,0,-99,15000,3612.392704,15000,18034.2651,,0.15,0,0,0,-0.027185517,0,0,0,0,0,-99,15000,3612.392704,15000,18034.2651,0.15,1,0,0,60000,72137.06041,0,-0.108742069,0,-0.108742069,0.899088244,25.00089629,854.369362,,84.55428313,,72240.58893,72.24058893,182.1370604,,0.032823868,53.75975971,0.999255823,855.0434159,,#DIV/0!,0,0.899088244,854.369362,0.001259804,15,0,0
taxi-out,150,2.5,0,37689.81806,1133.308941,0,0,1.25,1.25,0,0,0,0,0,0,0,-0.061167414,0,0,0,0,0,,-99,15000,3612.392704,15000,18034.2651,182.1370604,0.83175,0.15,0,0,0,-0.061167414,0,0,0,0,0,-99,15000,3612.392704,15000,18034.2651,0.15,0,0,0,-0.061167414,0,0,0,0,0,-99,15000,3612.392704,15000,18034.2651,,0.15,0,0,0,-0.061167414,0,0,0,0,0,-99,15000,3612.392704,15000,18034.2651,0.15,1,0,0,60000,72137.06041,0,-0.244669656,0,-0.244669656,0.898632304,25.00134453,854.2927369,,84.5618658,,72240.58777,72.24058777,182.1370604,,0.032826811,53.76718004,0.999255721,854.9668249,,#DIV/0!,0,0.898632304,854.2927369,0.001889706,15,0,0
taxi-out,200,3.333333333,0,37689.81806,1133.308941,0,0,1.666666667,1.666666667,0,0,0,0,0,0,0,-0.108742069,0,0,0,0,0,,-99,15000,3612.392704,15000,18034.2651,182.1370604,0.83175,0.15,0,0,0,-0.108742069,0,0,0,0,0,-99,15000,3612.392704,15000,18034.2651,0.15,0,0,0,-0.108742069,0,0,0,0,0,-99,15000,3612.392704,15000,18034.2651,,0.15,0,0,0,-0.108742069,0,0,0,0,0,-99,15000,3612.392704,15000,18034.2651,0.15,1,0,0,60000,72137.06041,0,-0.434968277,0,-0.434968277,0.898176324,25.00179283,854.2161048,,84.56945051,,72240.58661,72.24058661,182.1370604,,0.032829756,53.77460283,0.999255618,854.8902271,,#DIV/0!,0,0.898176324,854.2161048,0.002519608,15,0,0
taxi-out,250,4.166666667,0,37689.81806,1133.308941,0,0,2.083333333,2.083333333,0,0,0,0,0,0,0,-0.169909483,0,0,0,0,0,,-99,15000,3612.392704,15000,18034.2651,182.1370604,0.83175,0.15,0,0,0,-0.169909483,0,0,0,0,0,-99,15000,3612.392704,15000,18034.2651,0.15,0,0,0,-0.169909483,0,0,0,0,0,-99,15000,3612.392704,15000,18034.2651,,0.15,0,0,0,-0.169909483,0,0,0,0,0,-99,15000,3612.392704,15000,18034.2651,0.15,1,0,0,60000,72137.06041,0,-0.679637933,0,-0.679637933,0.897720303,25.0022412,854.1394659,,84.57703727,,72240.58544,72.24058544,182.1370604,,0.032832701,53.78202809,0.999255515,854.8136224,,#DIV/0!,0,0.897720303,854.1394659,0.003149509,15,0,0
taxi-out,300,5,0,37689.81806,1133.308941,0,0,2.5,2.5,0,0,0,0,0,0,0,-0.244669656,0,0,0,0,0,,-99,15000,3612.392704,15000,18034.2651,182.1370604,0.83175,0.15,0,0,0,-0.244669656,0,0,0,0,0,-99,15000,3612.392704,15000,18034.2651,0.15,0,0,0,-0.244669656,0,0,0,0,0,-99,15000,3612.392704,15000,18034.2651,,0.15,0,0,0,-0.244669656,0,0,0,0,0,-99,15000,3612.392704,15000,18034.2651,0.15,1,0,0,60000,72137.06041,0,-0.978678624,0,-0.978678624,0.897264241,25.00268962,854.0628201,,84.58462607,,72240.58428,72.24058428,182.1370604,,0.032835647,53.78945581,0.999255412,854.7370108,,#DIV/0!,0,0.897264241,854.0628201,0.003779411,15,0,0
taxi-out,350,5.833333333,0,37689.81806,1133.308941,0,0,2.916666667,2.916666667,0,0,0,0,0,0,0,-0.333022587,0,0,0,0,0,,-99,15000,3612.392704,15000,18034.2651,182.1370604,0.83175,0.15,0,0,0,-0.333022587,0,0,0,0,0,-99,15000,3612.392704,15000,18034.2651,0.15,0,0,0,-0.333022587,0,0,0,0,0,-99,15000,3612.392704,15000,18034.2651,,0.15,0,0,0,-0.333022587,0,0,0,0,0,-99,15000,3612.392704,15000,18034.2651,0.15,1,0,0,60000,72137.06041,0,-1.332090349,0,-1.332090349,0.896808137,25.00313811,853.9861674,,84.59221691,,72240.58311,72.24058311,182.1370604,,0.032838594,53.796886,0.999255309,854.6603924,,#DIV/0!,0,0.896808137,853.9861674,0.004409313,15,0,0
taxi-out,400,6.666666667,0,37689.81806,1133.308941,0,0,3.333333333,3.333333333,0,0,0,0,0,0,0,-0.434968277,0,0,0,0,0,,-99,15000,3612.392704,15000,18034.2651,182.1370604,0.83175,0.15,0,0,0,-0.434968277,0,0,0,0,0,-99,15000,3612.392704,15000,18034.2651,0.15,0,0,0,-0.434968277,0,0,0,0,0,-99,15000,3612.392704,15000,18034.2651,,0.15,0,0,0,-0.434968277,0,0,0,0,0,-99,15000,3612.392704,15000,18034.2651,0.15,1,0,0,60000,72137.06041,0,-1.73987311,0,-1.73987311,0.896351993,25.00358666,853.9095079,,84.59980979,,72240.58195,72.24058195,182.1370604,,0.032841541,53.80431866,0.999255206,854.5837671,,#DIV/0!,0,0.896351993,853.9095079,0.005039215,15,0,0
taxi-out,450,7.5,0,37689.81806,1133.308941,0,0,3.75,3.75,0,0,0,0,0,0,0,-0.550506726,0,0,0,0,0,,-99,15000,3612.392704,15000,18034.2651,182.1370604,0.83175,0.15,0,0,0,-0.550506726,0,0,0,0,0,-99,15000,3612.392704,15000,18034.2651,0.15,0,0,0,-0.550506726,0,0,0,0,0,-99,15000,3612.392704,15000,18034.2651,,0.15,0,0,0,-0.550506726,0,0,0,0,0,-99,15000,3612.392704,15000,18034.2651,0.15,1,0,0,60000,72137.06041,0,-2.202026904,0,-2.202026904,0.895895809,25.00403527,853.8328414,,84.60740472,,72240.58078,72.24058078,182.1370604,,0.032844489,53.81175378,0.999255104,854.5071349,,#DIV/0!,0,0.895895809,853.8328414,0.005669117,15,0,0
taxi-out,500,8.333333333,0,37689.81806,1133.308941,0,0,4.166666667,4.166666667,0,0,0,0,0,0,0,-0.679637933,0,0,0,0,0,,-99,15000,3612.392704,15000,18034.2651,182.1370604,0.83175,0.15,0,0,0,-0.679637933,0,0,0,0,0,-99,15000,3612.392704,15000,18034.2651,0.15,0,0,0,-0.679637933,0,0,0,0,0,-99,15000,3612.392704,15000,18034.2651,,0.15,0,0,0,-0.679637933,0,0,0,0,0,-99,15000,3612.392704,15000,18034.2651,0.15,1,0,0,60000,72137.06041,0,-2.718551734,0,-2.718551734,0.895439583,25.00448394,853.7561681,,84.6150017,,72240.57961,72.24057961,182.1370604,,0.032847439,53.81919138,0.999255001,854.4304958,,#DIV/0!,0,0.895439583,853.7561681,0.006299019,15,0,0
taxi-out,550,9.166666667,0,37689.81806,1133.308941,0,0,4.583333333,4.583333333,0,0,0,0,0,0,0,-0.822361899,0,0,0,0,0,,-99,15000,3612.392704,15000,18034.2651,182.1370604,0.83175,0.15,0,0,0,-0.822361899,0,0,0,0,0,-99,15000,3612.392704,15000,18034.2651,0.15,0,0,0,-0.822361899,0,0,0,0,0,-99,15000,3612.392704,15000,18034.2651,,0.15,0,0,0,-0.822361899,0,0,0,0,0,-99,15000,3612.392704,15000,18034.2651,0.15,1,0,0,60000,72137.06041,0,-3.289447598,0,-3.289447598,0.894983316,25.00493267,853.6794879,,84.62260072,,72240.57845,72.24057845,182.1370604,,0.032850388,53.82663145,0.999254898,854.3538499,,#DIV/0!,0,0.894983316,853.6794879,0.006928921,15,0,0
taxi-out,600,10,0,37689.81806,1133.308941,0,0,5,5,0,0,0,0,0,0,0,-0.978678624,0,0,0,0,0,,-99,15000,3612.392704,15000,18034.2651,182.1370604,0.83175,0.15,0,0,0,-0.978678624,0,0,0,0,0,-99,15000,3612.392704,15000,18034.2651,0.15,0,0,0,-0.978678624,0,0,0,0,0,-99,15000,3612.392704,15000,18034.2651,,0.15,0,0,0,-0.978678624,0,0,0,0,0,-99,15000,3612.392704,15000,18034.2651,0.15,1,0,0,60000,72137.06041,0,-3.914714496,0,-3.914714496,0.894527008,25.00538147,853.6028008,,84.63020179,,72240.57728,72.24057728,8225.174354,,0.032853339,53.83407399,0.999254795,854.2771971,,#DIV/0!,0,0.894527008,853.6028008,0.007558823,15,0,0
takeoff,615,10.25,0,37689.81806,1133.308941,0,0,30,30,0,0,0,0,0.195066615,0.193658972,0.273210172,32076.31388,1198.8,1842620,0,0,0,,-99,1865000,1842620,1865000,2028793.588,8225.174354,0.919265523,30,0.195066615,0.193658972,0.273210172,32076.31388,1198.8,1842620,0,0,0,-99,1865000,1842620,1865000,2028793.588,30,0.195066615,0.193658972,0.273210172,32076.31388,1198.8,1842620,0,0,0,-99,1865000,1842620,1865000,2028793.588,,30,0.195066615,0.193658972,0.273210172,32076.31388,1198.8,1842620,0,0,0,-99,1865000,1842620,1865000,2028793.588,30,1,0,0,7460000,8115174.354,0,128305.2555,0,128305.2555,0.877683062,26.95617931,777.804438,,10433.54882,,8115260.574,8115.260574,8224.752612,,4.05029069,780007.0098,0.903883923,854.2005374,,#DIV/0!,0,0.877683062,777.804438,0.045352936,15,0,0
takeoff,630,10.5,0,37689.81806,1133.308941,0,0,60,60,0,0,0,0,0.390108308,0.193584332,0.507720825,29679.46387,1198.8,1842620,0,0,0,,-99,1865000,1842620,1865000,2028688.153,8224.752612,0.9193133,30,0.390108308,0.193584332,0.507720825,29679.46387,1198.8,1842620,0,0,0,-99,1865000,1842620,1865000,2028688.153,30,0.390108308,0.193584332,0.507720825,29679.46387,1198.8,1842620,0,0,0,-99,1865000,1842620,1865000,2028688.153,,30,0.390108308,0.193584332,0.507720825,29679.46387,1198.8,1842620,0,0,0,-99,1865000,1842620,1865000,2028688.153,30,1,0,0,7460000,8114752.612,0,118717.8555,0,118717.8555,0.86077736,28.91563931,775.0177331,,10470.52193,,8114840.168,8114.840168,8224.358438,,4.064643605,783470.4831,0.903452136,851.3707545,,#DIV/0!,0,0.86077736,775.0177331,0.090705873,15,0,0
takeoff,645,10.75,0,37689.81806,1133.308941,0,0,90,90,0,0,0,0,0.585137385,0.193596929,0.660930018,25902.77798,1198.8,1842620,0,0,0,,-99,1865000,1842620,1865000,2028589.61,8224.358438,0.919357957,30,0.585137385,0.193596929,0.660930018,25902.77798,1198.8,1842620,0,0,0,-99,1865000,1842620,1865000,2028589.61,30,0.585137385,0.193596929,0.660930018,25902.77798,1198.8,1842620,0,0,0,-99,1865000,1842620,1865000,2028589.61,,30,0.585137385,0.193596929,0.660930018,25902.77798,1198.8,1842620,0,0,0,-99,1865000,1842620,1865000,2028589.61,30,1,0,0,7460000,8114358.438,0,103611.1119,0,103611.1119,0.843817755,30.87258536,772.791787,,10500.17675,,8114450.352,8114.450352,8224.043671,0.991901273,4.076155569,782465.3082,0.903571373,848.5305965,,#DIV/0!,0,0.843817755,772.791787,0.136058809,15,0,0
takeoff,660,11,0,37689.81806,1133.308941,0,0,120,120,0,0,0,0,0.780241538,0.193622449,0.761806917,22270.50191,1198.8,1842620,0,0,0,,-99,1865000,1842620,1865000,2028510.918,8224.043671,0.919393622,30,0.780241538,0.193622449,0.761806917,22270.50191,1198.8,1842620,0,0,0,-99,1865000,1842620,1865000,2028510.918,30,0.780241538,0.193622449,0.761806917,22270.50191,1198.8,1842620,0,0,0,-99,1865000,1842620,1865000,2028510.918,,30,0.780241538,0.193622449,0.761806917,22270.50191,1198.8,1842620,0,0,0,-99,1865000,1842620,1865000,2028510.918,30,1,0,0,7460000,8114043.671,0,89082.00766,0,89082.00766,0.826820115,32.81968959,771.4904478,,10517.48994,,8114143.022,8114.143022,5186.142132,,4.082876529,778530.1566,0.904052695,846.2266569,,#DIV/0!,0,0.826820115,771.4904478,0.181411746,15,0,0
climb-hybrid,688.1898652,11.46983109,0,37689.81806,1133.308941,276.3519912,906.6666667,182.356094,180,2.640036598,1.425505882,3.347767922,5.478280718,1.30931557,0.174302222,0.876581992,10809.15257,1091.445678,1180815.451,0,0,0,,-99,1200000,1180815.451,1200000,1269035.533,5186.142132,0.9456,12,1.30931557,0.174302222,0.876581992,10809.15257,1091.445678,1180815.451,0,0,0,-99,1200000,1180815.451,1200000,1269035.533,12,1.30931557,0.174302222,0.876581992,10809.15257,1091.445678,1180815.451,0,0,0,-99,1200000,1180815.451,1200000,1269035.533,,12,1.30931557,0.174302222,0.876581992,10809.15257,1091.445678,1180815.451,0,0,0,-99,1200000,1180815.451,1200000,1269035.533,12,1,0,0,4800000,5076142.132,0,43236.61026,0,43236.61026,0.807081841,34.22892502,797.7728509,3.798918338,6500.729339,14.51055656,5186105.377,5186.105377,5186.057172,,2.523575054,299825.1454,0.942186839,844.8702452,4.023191644,0.015455872,0,0.807081841,797.7728509,0.276542791,13.20371206,0.047175271,0.830556862
climb-hybrid,716.5625576,11.94270929,0,37689.81806,1133.308941,430.7839862,1413.333333,183.6919001,180,5.316784036,2.870834034,3.30195652,5.442979928,1.319196937,0.177057201,0.876987819,10736.29231,1091.445678,1180815.451,0,0,0,,-99,1200000,1180815.451,1200000,1269014.293,5186.057172,0.945615827,12,1.319196937,0.177057201,0.876987819,10736.29231,1091.445678,1180815.451,0,0,0,-99,1200000,1180815.451,1200000,1269014.293,12,1.319196937,0.177057201,0.876987819,10736.29231,1091.445678,1180815.451,0,0,0,-99,1200000,1180815.451,1200000,1269014.293,5146057.172,12,1.319196937,0.177057201,0.876987819,10736.29231,1091.445678,1180815.451,0,0,0,-99,1200000,1180815.451,1200000,1269014.293,12,1,0,0,4800000,5076057.172,0,42945.16926,0,42945.16926,0.787126733,35.71490925,792.4986949,3.773803309,6543.923572,14.60697226,5186050.89,5186.05089,5185.603457,,2.540343002,314116.7891,0.939430446,843.2951309,4.0156911,0.016559749,0,0.787126733,792.4986949,0.279058085,12.19990409,0.047190694,0.83084596
climb-hybrid,745.1238782,12.4187313,0,37689.81806,1133.308941,585.2159813,1920,185.0416729,180,8.031250954,4.336529078,3.256172871,5.407032718,1.329069876,0.179812174,0.877393237,10663.44634,1091.445678,1180815.451,0,0,0,,-99,1200000,1180815.451,1200000,1268900.864,5185.603457,0.945700357,12,1.329069876,0.179812174,0.877393237,10663.44634,1091.445678,1180815.451,0,0,0,-99,1200000,1180815.451,1200000,1268900.864,12,1.329069876,0.179812174,0.877393237,10663.44634,1091.445678,1180815.451,0,0,0,-99,1200000,1180815.451,1200000,1268900.864,5416902.286,12,1.329069876,0.179812174,0.877393237,10663.44634,1091.445678,1180815.451,0,0,0,-99,1200000,1180815.451,1200000,1268900.864,12,1,0,0,4800000,5075603.457,0,42653.78536,0,42653.78536,0.766885537,37.25998516,785.5938034,3.740922873,6600.860267,14.7340631,5185594.923,5185.594923,5185.01016,,2.562445756,324450.9373,0.937432263,838.4045823,3.992402773,0.017067926,0,0.766885537,785.5938034,0.281604363,11.19609612,0.047206459,0.831141368
climb-hybrid,773.879863,12.89799772,0,37689.81806,1133.308941,739.6479763,2426.666667,186.4055939,180,10.78448734,5.823157964,3.210417935,5.370429713,1.338934154,0.182567141,0.877798236,10590.61479,1091.445678,1180815.451,0,0,0,,-99,1200000,1180815.451,1200000,1268752.54,5185.01016,0.945810914,12,1.338934154,0.182567141,0.877798236,10590.61479,1091.445678,1180815.451,0,0,0,-99,1200000,1180815.451,1200000,1268752.54,12,1.338934154,0.182567141,0.877798236,10590.61479,1091.445678,1180815.451,0,0,0,-99,1200000,1180815.451,1200000,1268752.54,,12,1.338934154,0.182567141,0.877798236,10590.61479,1091.445678,1180815.451,0,0,0,-99,1200000,1180815.451,1200000,1268752.54,12,1,0,0,4800000,5075010.16,0,42362.45918,0,42362.45918,0.746332196,38.82796163,778.9584358,3.709325885,6656.326788,14.85787229,5185001.903,5185.001903,5184.438848,,2.58397779,327030.9038,0.936927525,831.6035405,3.960016859,0.016872603,0,0.746332196,778.9584358,0.284182095,10.19228815,0.047222575,0.831443244
climb-hybrid,802.8367954,13.38061326,0,37689.81806,1133.308941,894.0799714,2933.333333,187.7838473,180,13.57758681,7.331311191,3.164692704,5.333161436,1.348789534,0.185322101,0.878202805,10517.79783,1091.445678,1180815.451,0,0,0,,-99,1200000,1180815.451,1200000,1268609.712,5184.438848,0.9459174,12,1.348789534,0.185322101,0.878202805,10517.79783,1091.445678,1180815.451,0,0,0,-99,1200000,1180815.451,1200000,1268609.712,12,1.348789534,0.185322101,0.878202805,10517.79783,1091.445678,1180815.451,0,0,0,-99,1200000,1180815.451,1200000,1268609.712,,12,1.348789534,0.185322101,0.878202805,10517.79783,1091.445678,1180815.451,0,0,0,-99,1200000,1180815.451,1200000,1268609.712,12,1,0,0,4800000,5074438.848,0,42071.19134,0,42071.19134,0.725448032,40.4227584,771.4104241,3.673382972,6720.71455,15.00159498,5184429.261,5184.429261,5183.789616,,2.60897304,330316.5199,0.936286811,824.5589748,3.926471309,0.016870762,0,0.725448032,771.4104241,0.286791757,9.188480186,0.04723905,0.831751752
climb-hybrid,832.0012199,13.866687,0,37689.81806,1133.308941,1048.511966,3440,189.1766198,180,16.41168897,8.861604108,3.118998204,5.29521831,1.358635769,0.188077054,0.878606936,10444.99561,1091.445678,1180815.451,0,0,0,,-99,1200000,1180815.451,1200000,1268447.404,5183.789616,0.946038437,12,1.358635769,0.188077054,0.878606936,10444.99561,1091.445678,1180815.451,0,0,0,-99,1200000,1180815.451,1200000,1268447.404,12,1.358635769,0.188077054,0.878606936,10444.99561,1091.445678,1180815.451,0,0,0,-99,1200000,1180815.451,1200000,1268447.404,,12,1.358635769,0.188077054,0.878606936,10444.99561,1091.445678,1180815.451,0,0,0,-99,1200000,1180815.451,1200000,1268447.404,12,1,0,0,4800000,5073789.616,0,41779.98245,0,41779.98245,0.704199746,42.0489984,763.1284462,3.633944982,6792.799345,15.16249854,5183778.41,5183.77841,5183.078762,,2.636956268,334432.6908,0.935484763,816.7524743,3.889297497,0.016841058,0,0.704199746,763.1284462,0.289433836,8.184672218,0.047255896,0.832067059
climb-hybrid,861.3799571,14.35633262,0,37689.81806,1133.308941,1202.943962,3946.666667,190.5841009,180,19.28798208,10.41467832,3.073335494,5.256590659,1.368472609,0.190831999,0.879010619,10372.20828,1091.445678,1180815.451,0,0,0,,-99,1200000,1180815.451,1200000,1268269.691,5183.078762,0.946170999,12,1.368472609,0.190831999,0.879010619,10372.20828,1091.445678,1180815.451,0,0,0,-99,1200000,1180815.451,1200000,1268269.691,12,1.368472609,0.190831999,0.879010619,10372.20828,1091.445678,1180815.451,0,0,0,-99,1200000,1180815.451,1200000,1268269.691,,12,1.368472609,0.190831999,0.879010619,10372.20828,1091.445678,1180815.451,0,0,0,-99,1200000,1180815.451,1200000,1268269.691,12,1,0,0,4800000,5073078.762,0,41488.83311,0,41488.83311,0.682607084,43.66365656,757.8051791,3.608596091,6839.582867,15.26692604,5183071.32,5183.07132,5182.62429,,2.655117573,329628.6608,0.936402831,808.8098649,3.851475547,0.015908864,0,0.682607084,757.8051791,0.292108825,7.18086425,0.04727312,0.832389337
climb-hybrid,890.9801183,14.84966864,0,37689.81806,1133.308941,1357.375957,4453.333333,192.0064828,180,22.20770576,11.99120316,3.027705669,5.21726871,1.378299793,0.193586938,0.879413843,10299.43599,1091.445678,1180815.451,0,0,0,,-99,1200000,1180815.451,1200000,1268156.073,5182.62429,0.946255769,12,1.378299793,0.193586938,0.879413843,10299.43599,1091.445678,1180815.451,0,0,0,-99,1200000,1180815.451,1200000,1268156.073,12,1.378299793,0.193586938,0.879413843,10299.43599,1091.445678,1180815.451,0,0,0,-99,1200000,1180815.451,1200000,1268156.073,,12,1.378299793,0.193586938,0.879413843,10299.43599,1091.445678,1180815.451,0,0,0,-99,1200000,1180815.451,1200000,1268156.073,12,1,0,0,4800000,5072624.29,0,41197.74394,0,41197.74394,0.660714353,45.28780007,753.4223673,3.587725559,6878.768533,15.35439405,5182618.072,5182.618072,5182.247849,,2.670329399,329084.8006,0.936502209,803.5874877,3.826607084,0.015557861,0,0.660714353,753.4223673,0.294817228,6.177056282,0.047290734,0.832718764
climb-hybrid,920.8091233,15.34681872,0,37689.81806,1133.308941,1511.807952,4960,193.4439603,180,25.17215396,13.59187731,2.982109859,5.177242593,1.388117052,0.196341868,0.879816597,10226.67888,1091.445678,1180815.451,0,0,0,,-99,1200000,1180815.451,1200000,1268061.962,5182.247849,0.946325996,12,1.388117052,0.196341868,0.879816597,10226.67888,1091.445678,1180815.451,0,0,0,-99,1200000,1180815.451,1200000,1268061.962,12,1.388117052,0.196341868,0.879816597,10226.67888,1091.445678,1180815.451,0,0,0,-99,1200000,1180815.451,1200000,1268061.962,,12,1.388117052,0.196341868,0.879816597,10226.67888,1091.445678,1180815.451,0,0,0,-99,1200000,1180815.451,1200000,1268061.962,12,1,0,0,4800000,5072247.849,0,40906.71554,0,40906.71554,0.638526778,46.92471374,749.13817,3.567324619,6917.60477,15.44108208,5182241.778,5182.241778,5181.879325,,2.685405579,329127.7547,0.936489309,798.9900141,3.804714353,0.015373905,0,0.638526778,749.13817,0.297559555,5.173248314,0.047308746,0.833055522
climb-hybrid,950.8747175,15.84791196,0,37689.81806,1133.308941,1666.239947,5466.666667,194.8967311,180,28.18267817,15.21743052,2.936549234,5.136502343,1.399022128,0.199618249,0.880080295,10154.70439,1091.445678,1180815.451,0,0,0,,-99,1200000,1180815.451,1200000,1267969.831,5181.879325,0.946394757,12,1.399022128,0.199618249,0.880080295,10154.70439,1091.445678,1180815.451,0,0,0,-99,1200000,1180815.451,1200000,1267969.831,12,1.399022128,0.199618249,0.880080295,10154.70439,1091.445678,1180815.451,0,0,0,-99,1200000,1180815.451,1200000,1267969.831,,12,1.399022128,0.199618249,0.880080295,10154.70439,1091.445678,1180815.451,0,0,0,-99,1200000,1180815.451,1200000,1267969.831,12,1,0,0,4800000,5071879.325,0,40618.81755,0,40618.81755,0.616032653,48.57569169,744.5951663,3.545691268,6959.315672,15.53418677,5181872.81,5181.87281,5181.488896,,2.701597699,329343.4095,0.93644317,794.3306233,3.782526778,0.015246084,0,0.616032653,744.5951663,0.300336328,4.169440347,0.047327168,0.833399799
climb-hybrid,981.1802509,16.35300418,0,37689.81806,1133.308941,1820.671942,5973.333333,196.3649957,180,31.24021131,16.86836653,2.891477621,5.095834905,1.410009708,0.202939047,0.880331729,10082.81069,1091.445678,1180815.451,0,0,0,,-99,1200000,1180815.451,1200000,1267872.224,5181.488896,0.946467615,12,1.410009708,0.202939047,0.880331729,10082.81069,1091.445678,1180815.451,0,0,0,-99,1200000,1180815.451,1200000,1267872.224,12,1.410009708,0.202939047,0.880331729,10082.81069,1091.445678,1180815.451,0,0,0,-99,1200000,1180815.451,1200000,1267872.224,,12,1.410009708,0.202939047,0.880331729,10082.81069,1091.445678,1180815.451,0,0,0,-99,1200000,1180815.451,1200000,1267872.224,12,1,0,0,4800000,5071488.896,0,40331.24275,0,40331.24275,0.593199111,50.27127124,738.5778042,3.517037163,7015.482442,15.65955902,5181479.617,5181.479617,5180.972747,,2.723401569,335562.7438,0.935238046,789.6068572,3.760032653,0.01551739,0,0.593199111,738.5778042,0.303148074,3.165632379,0.047346011,0.833751787
climb-hybrid,1011.733546,16.86222576,0,37689.81806,1133.308941,1975.103937,6480,197.8489573,180,34.34615859,18.54544408,2.846481254,5.054511966,1.420985969,0.206259861,0.880582689,10010.93261,1091.445678,1180815.451,0,0,0,,-99,1200000,1180815.451,1200000,1267743.187,5180.972747,0.946563951,12,1.420985969,0.206259861,0.880582689,10010.93261,1091.445678,1180815.451,0,0,0,-99,1200000,1180815.451,1200000,1267743.187,12,1.420985969,0.206259861,0.880582689,10010.93261,1091.445678,1180815.451,0,0,0,-99,1200000,1180815.451,1200000,1267743.187,,12,1.420985969,0.206259861,0.880582689,10010.93261,1091.445678,1180815.451,0,0,0,-99,1200000,1180815.451,1200000,1267743.187,12,1,0,0,4800000,5070972.747,0,40043.73042,0,40043.73042,0.569952788,52.0661113,730.0633815,3.476492293,7096.585959,15.84059366,5180957.542,5180.957542,5180.245792,,2.754885854,352326.4091,0.93199589,784.2405387,3.734478756,0.016286414,0,0.569952788,730.0633815,0.305995332,2.161824411,0.047365285,0.834111685
climb-hybrid,1042.543192,17.37571987,0,37689.81806,1133.308941,2129.535932,6986.666667,199.348822,180,37.50203112,20.24947911,2.801522818,5.012455992,1.431950593,0.209580693,0.880833164,9939.070282,1091.445678,1180815.451,0,0,0,,-99,1200000,1180815.451,1200000,1267561.448,5180.245792,0.946699666,12,1.431950593,0.209580693,0.880833164,9939.070282,1091.445678,1180815.451,0,0,0,-99,1200000,1180815.451,1200000,1267561.448,12,1.431950593,0.209580693,0.880833164,9939.070282,1091.445678,1180815.451,0,0,0,-99,1200000,1180815.451,1200000,1267561.448,,12,1.431950593,0.209580693,0.880833164,9939.070282,1091.445678,1180815.451,0,0,0,-99,1200000,1180815.451,1200000,1267561.448,12,1,0,0,4800000,5070245.792,0,39756.28113,0,39756.28113,0.546245634,53.95138389,721.9256122,3.43774101,7175.572404,16.01690269,5180229.5,5180.2295,5179.550588,,2.785548293,366999.0515,0.929153901,777.4061198,3.701933904,0.016494631,0,0.546245634,721.9256122,0.308878651,1.158016443,0.047385003,0.834479698
climb-hybrid,1073.618174,17.89363623,0,37689.81806,1133.308941,2283.967927,7493.333333,200.8647989,180,40.7094104,21.98132557,2.756603611,4.969656778,1.442903251,0.212901543,0.881083143,9867.223859,1091.445678,1180815.451,0,0,0,,-99,1200000,1180815.451,1200000,1267387.647,5179.550588,0.94682949,12,1.442903251,0.212901543,0.881083143,9867.223859,1091.445678,1180815.451,0,0,0,-99,1200000,1180815.451,1200000,1267387.647,12,1.442903251,0.212901543,0.881083143,9867.223859,1091.445678,1180815.451,0,0,0,-99,1200000,1180815.451,1200000,1267387.647,,12,1.442903251,0.212901543,0.881083143,9867.223859,1091.445678,1180815.451,0,0,0,-99,1200000,1180815.451,1200000,1267387.647,12,1,0,0,4800000,5069550.588,0,39468.89543,0,39468.89543,0.522054896,55.93150752,713.1115053,3.395769073,7263.282235,16.21268356,5179530.128,5179.530128,5178.799257,,2.819597141,382172.0478,0.926214919,770.4362164,3.668743888,0.016837115,0,0.522054896,713.1115053,0.311798587,0.154208475,0.047405175,0.834856035
climb-hybrid,1104.967897,18.41613161,0,37689.81806,1133.308941,2438.399922,8000,202.3971,180,43.96995264,23.74187773,2.711724979,4.926104037,1.453843607,0.216222412,0.881332614,9795.393476,1091.445678,1180815.451,0,0,0,,-99,1200000,1180815.451,1200000,1267199.814,5178.799257,0.946969836,12,1.453843607,0.216222412,0.881332614,9795.393476,1091.445678,1180815.451,0,0,0,-99,1200000,1180815.451,1200000,1267199.814,12,1.453843607,0.216222412,0.881332614,9795.393476,1091.445678,1180815.451,0,0,0,-99,1200000,1180815.451,1200000,1267199.814,,12,1.453843607,0.216222412,0.881332614,9795.393476,1091.445678,1180815.451,0,0,0,-99,1200000,1180815.451,1200000,1267199.814,12,1,0,0,4800000,5068799.257,0,39181.57391,0,39181.57391,0.497361409,58.0057667,704.9249988,3.356785708,7346.566476,16.39858588,5178778.364,5178.778364,3276.208662,,2.85192798,396832.1182,0.923373412,763.3241394,3.634876854,0.016958239,0,0.497361409,704.9249988,0.314755707,-0.849599493,0.047425815,0.835240912
cruise-electric,1105.010154,18.4168359,0,37689.81806,1133.308941,2438.399922,8000,230,204.728711,43.97495264,23.74457752,0,0,1.812414082,0.177005152,0.890570499,5496.708076,990,744072.6608,0,0,0,,-99,760049.0209,744072.6608,760049.0209,791552.1655,3276.208662,0.960200798,7.600490209,1.812414082,0.177005152,0.890570499,5496.708076,990,744072.6608,0,0,0,-99,760049.0209,744072.6608,760049.0209,791552.1655,7.600490209,1.812414082,0.177005152,0.890570499,5496.708076,990,744072.6608,0,0,0,-99,760049.0209,744072.6608,760049.0209,791552.1655,,7.600490209,1.812414082,0.177005152,0.890570499,5496.708076,990,744072.6608,0,0,0,-99,760049.0209,744072.6608,760049.0209,791552.1655,7.600490209,1,0,0,3040196.084,3166208.662,0,21986.8323,0,21986.8323,0.497340805,58.00676904,724.5217959,3.45010379,4521.847115,10.09340874,3276176.793,3276.176793,3276.208196,,1.755375433,142262.9571,0.956576532,755.9866798,3.599936571,0.014844616,0,0.497340805,724.5217959,0.357682065,-0.849599493,0.038457895,0.646792028
cruise-electric,1128.952544,18.81587573,0,37689.81806,1133.308941,2438.399922,8000,230,204.728711,46.80786911,25.27423021,0,0,1.812414082,0.177005152,0.890570499,5496.708076,990,744072.6608,0,0,0,,-99,760049.0209,744072.6608,760049.0209,791552.0491,3276.208196,0.960200939,7.600490209,1.812414082,0.177005152,0.890570499,5496.708076,990,744072.6608,0,0,0,-99,760049.0209,744072.6608,760049.0209,791552.0491,7.600490209,1.812414082,0.177005152,0.890570499,5496.708076,990,744072.6608,0,0,0,-99,760049.0209,744072.6608,760049.0209,791552.0491,,7.600490209,1.812414082,0.177005152,0.890570499,5496.708076,990,744072.6608,0,0,0,-99,760049.0209,744072.6608,760049.0209,791552.0491,7.600490209,1,0,0,3040196.084,3166208.196,0,21986.8323,0,21986.8323,0.485633615,58.6128277,720.4774409,3.430844957,4547.22676,10.15005973,3276174.3,3276.1743,3275.943358,,1.76522778,151818.4873,0.953659826,755.9800162,3.599904839,0.016656048,0,0.485633615,720.4774409,0.357682065,-0.849599493,0.038457895,0.646792028
cruise-electric,1152.937191,19.21561986,0,37689.81806,1133.308941,2438.399922,8000,230,204.728711,49.64578557,26.80658268,0,0,1.812414082,0.177005152,0.890570499,5496.708076,990,744072.6608,0,0,0,,-99,760049.0209,744072.6608,760049.0209,791485.8395,3275.943358,0.960281262,7.600490209,1.812414082,0.177005152,0.890570499,5496.708076,990,744072.6608,0,0,0,-99,760049.0209,744072.6608,760049.0209,791485.8395,7.600490209,1.812414082,0.177005152,0.890570499,5496.708076,990,744072.6608,0,0,0,-99,760049.0209,744072.6608,760049.0209,791485.8395,,7.600490209,1.812414082,0.177005152,0.890570499,5496.708076,990,744072.6608,0,0,0,-99,760049.0209,744072.6608,760049.0209,791485.8395,7.600490209,1,0,0,3040196.084,3165943.358,0,21986.8323,0,21986.8323,0.473840343,59.22844997,716.3980899,3.411419476,4572.748233,10.20702731,3275908.1,3275.9081,3275.676838,,1.775135184,153942.4792,0.953007693,752.1939111,3.581875767,0.016699896,0,0.473840343,716.3980899,0.357682065,-0.849599493,0.038457895,0.646792028
cruise-electric,1176.921839,19.61536398,0,37689.81806,1133.308941,2438.399922,8000,230,204.728711,52.48370204,28.33893516,0,0,1.812414082,0.177005152,0.890570499,5496.708076,990,744072.6608,0,0,0,,-99,760049.0209,744072.6608,760049.0209,791419.2094,3275.676838,0.960362109,7.600490209,1.812414082,0.177005152,0.890570499,5496.708076,990,744072.6608,0,0,0,-99,760049.0209,744072.6608,760049.0209,791419.2094,7.600490209,1.812414082,0.177005152,0.890570499,5496.708076,990,744072.6608,0,0,0,-99,760049.0209,744072.6608,760049.0209,791419.2094,,7.600490209,1.812414082,0.177005152,0.890570499,5496.708076,990,744072.6608,0,0,0,-99,760049.0209,744072.6608,760049.0209,791419.2094,7.600490209,1,0,0,3040196.084,3165676.838,0,21986.8323,0,21986.8323,0.461980994,59.85205996,712.3545442,3.392164496,4598.329407,10.26412814,3275640.849,3275.640849,110,,1.785065764,155939.89,0.952394082,748.3799669,3.563714128,0.016713512,0,0.461980994,712.3545442,0.357682065,-0.849599493,0.038457895,0.646792028
descent,1199.017637,19.98362729,0,37689.81806,1133.308941,2285.999927,7500,200.8848543,180,54.76208082,29.56916142,-3.826795017,-6.897238665,0,0,0,-1261.065575,0,0,0,0,0,,-99,0,0,0,0,110,#DIV/0!,0,0,0,0,-1261.065575,0,0,0,0,0,-99,0,0,0,0,0,0,0,0,-1261.065575,0,0,0,0,0,-99,0,0,0,0,,0,0,0,0,-1261.065575,0,0,0,0,0,-99,0,0,0,0,0,1,0,0,0,0,0,-5044.262302,0,-5044.262302,0.461628503,59.85265567,743.394596,3.539974267,147.9471571,0.33023919,109983.1171,109.9831171,110,,0.057432903,161.6987362,0.998529786,744.5446534,3.54545073,0.016583324,0,0.461628503,743.394596,0.311837254,0.141000475,0.047405444,0.834861043
descent,1221.255453,20.35425756,0,37689.81806,1133.308941,2133.599932,7000,199.3885088,180,57.03801247,30.79806633,-3.830897426,-6.853190687,0,0,0,-1261.627054,0,0,0,0,0,,-99,0,0,0,0,110,#DIV/0!,0,0,0,0,-1261.627054,0,0,0,0,0,-99,0,0,0,0,0,0,0,0,-1261.627054,0,0,0,0,0,-99,0,0,0,0,,0,0,0,0,-1261.627054,0,0,0,0,0,-99,0,0,0,0,0,1,0,0,0,0,0,-5046.508216,0,-5046.508216,0.461273692,59.85325562,743.2796629,3.539426966,147.9698812,0.330289913,109983.0034,109.9830034,110,,0.057441724,161.8067434,0.998528802,744.4306579,3.544907895,0.016594295,0,0.461273692,743.2796629,0.30895502,1.131600444,0.047385528,0.834489494
descent,1243.636176,20.7272696,0,37689.81806,1133.308941,1981.199937,6500,197.9078596,180,59.31154963,32.02567833,-3.834920096,-6.809431387,0,0,0,-1262.176757,0,0,0,0,0,,-99,0,0,0,0,110,#DIV/0!,0,0,0,0,-1262.176757,0,0,0,0,0,-99,0,0,0,0,0,0,0,0,-1262.176757,0,0,0,0,0,-99,0,0,0,0,,0,0,0,0,-1262.176757,0,0,0,0,0,-99,0,0,0,0,0,1,0,0,0,0,0,-5048.707029,0,-5048.707029,0.460916546,59.85385983,743.1639733,3.538876063,147.9927619,0.330340986,109982.8889,109.9828889,110,,0.057450606,161.9155031,0.998527812,744.315912,3.544361486,0.016605334,0,0.460916546,743.1639733,0.30610846,2.122200412,0.047366055,0.834126057
descent,1266.16069,21.10267817,0,37689.81806,1133.308941,1828.799941,6000,196.4427058,180,61.58274366,33.25202513,-3.838864654,-6.765961579,0,0,0,-1262.71496,0,0,0,0,0,,-99,0,0,0,0,110,#DIV/0!,0,0,0,0,-1262.71496,0,0,0,0,0,-99,0,0,0,0,0,0,0,0,-1262.71496,0,0,0,0,0,-99,0,0,0,0,,0,0,0,0,-1262.71496,0,0,0,0,0,-99,0,0,0,0,0,1,0,0,0,0,0,-5050.85984,0,-5050.85984,0.460557049,59.85446832,743.0475222,3.538321534,148.0158004,0.330392412,109982.7737,109.9827737,110,,0.05745955,162.0250174,0.998526815,744.200411,3.543811481,0.016616442,0,0.460557049,743.0475222,0.303297039,3.11280038,0.047347015,0.83377053
descent,1288.829876,21.48049793,0,37689.81806,1133.308941,1676.399946,5500,194.9928492,180,63.85164468,34.47713381,-3.842732694,-6.722781935,0,0,0,-1263.24193,0,0,0,0,0,,-99,0,0,0,0,110,#DIV/0!,0,0,0,0,-1263.24193,0,0,0,0,0,-99,0,0,0,0,0,0,0,0,-1263.24193,0,0,0,0,0,-99,0,0,0,0,,0,0,0,0,-1263.24193,0,0,0,0,0,-99,0,0,0,0,0,1,0,0,0,0,0,-5052.967721,0,-5052.967721,0.460195187,59.85508115,742.9303048,3.537763356,148.0389977,0.330444191,109982.6577,109.9826577,110,,0.057468555,162.1352885,0.99852581,744.0841498,3.543257856,0.016627618,0,0.460195187,742.9303048,0.30052023,4.103400349,0.047328395,0.833422717
descent,1311.644612,21.86074353,0,37689.81806,1133.308941,1523.999951,5000,193.5580941,180,66.11830159,35.70103077,-3.846525783,-6.679892995,0,0,0,-1263.757929,0,0,0,0,0,,-99,0,0,0,0,110,#DIV/0!,0,0,0,0,-1263.757929,0,0,0,0,0,-99,0,0,0,0,0,0,0,0,-1263.757929,0,0,0,0,0,-99,0,0,0,0,,0,0,0,0,-1263.757929,0,0,0,0,0,-99,0,0,0,0,0,1,0,0,0,0,0,-5055.031716,0,-5055.031716,0.459830944,59.85569833,742.8123161,3.537201505,148.0623551,0.330496328,109982.5409,109.9825409,110,,0.057477622,162.2463185,0.998524799,743.9671235,3.542700588,0.016638863,0,0.459830944,742.8123161,0.297777515,5.094000317,0.047310185,0.833082426
descent,1334.605772,22.24342953,0,37689.81806,1133.308941,1371.599956,4500,192.1382479,180,68.38276212,36.92374178,-3.850245452,-6.637295171,0,0,0,-1264.263211,0,0,0,0,0,,-99,0,0,0,0,110,#DIV/0!,0,0,0,0,-1264.263211,0,0,0,0,0,-99,0,0,0,0,0,0,0,0,-1264.263211,0,0,0,0,0,-99,0,0,0,0,,0,0,0,0,-1264.263211,0,0,0,0,0,-99,0,0,0,0,0,1,0,0,0,0,0,-5057.052844,0,-5057.052844,0.459464305,59.8563199,742.6935512,3.536635958,148.0858736,0.330548825,109982.4233,109.9824233,110,,0.057486752,162.3581096,0.998523781,743.8493273,3.542139654,0.016650174,0,0.459464305,742.6935512,0.295068384,6.084600285,0.047292376,0.832749472
descent,1357.714226,22.62857043,0,37689.81806,1133.308941,1219.199961,4000,190.7331203,180,70.64507284,38.14529198,-3.853893207,-6.594988749,0,0,0,-1264.758025,0,0,0,0,0,,-99,0,0,0,0,110,#DIV/0!,0,0,0,0,-1264.758025,0,0,0,0,0,-99,0,0,0,0,0,0,0,0,-1264.758025,0,0,0,0,0,-99,0,0,0,0,,0,0,0,0,-1264.758025,0,0,0,0,0,-99,0,0,0,0,0,1,0,0,0,0,0,-5059.032099,0,-5059.032099,0.459095255,59.85694589,742.5740053,3.536066692,148.1095543,0.330601684,109982.305,109.982305,110,,0.057495945,162.470664,0.998522756,743.7307563,3.54157503,0.016661554,0,0.459095255,742.5740053,0.292392338,7.075200254,0.047274956,0.832423674
descent,1380.970842,23.01618069,0,37689.81806,1133.308941,1066.799966,3500,189.3425237,180,72.90527921,39.36570592,-3.857470522,-6.552973902,0,0,0,-1265.242612,0,0,0,0,0,,-99,0,0,0,0,110,#DIV/0!,0,0,0,0,-1265.242612,0,0,0,0,0,-99,0,0,0,0,0,0,0,0,-1265.242612,0,0,0,0,0,-99,0,0,0,0,,0,0,0,0,-1265.242612,0,0,0,0,0,-99,0,0,0,0,0,1,0,0,0,0,0,-5060.970448,0,-5060.970448,0.458723779,59.85757634,742.4536735,3.535493684,148.1333984,0.330654907,109982.1858,109.9821858,110,,0.057505201,162.583984,0.998521724,743.6114055,3.541006693,0.016673001,0,0.458723779,742.4536735,0.289748883,8.065800222,0.047257916,0.832104856
descent,1404.376483,23.40627471,0,37689.81806,1133.308941,914.3999707,3000,187.9662732,180,75.1634256,40.58500756,-3.860978841,-6.511250685,0,0,0,-1265.717209,0,0,0,0,0,,-99,0,0,0,0,110,#DIV/0!,0,0,0,0,-1265.717209,0,0,0,0,0,-99,0,0,0,0,0,0,0,0,-1265.717209,0,0,0,0,0,-99,0,0,0,0,,0,0,0,0,-1265.717209,0,0,0,0,0,-99,0,0,0,0,0,1,0,0,0,0,0,-5062.868836,0,-5062.868836,0.458349863,59.85821127,742.332551,3.53491691,148.1574071,0.330708498,109982.0659,109.9820659,110,,0.057514521,162.698072,0.998520685,743.4912703,3.54043462,0.016684514,0,0.458349863,742.332551,0.287137536,9.05640019,0.047241246,0.831792848
descent,1427.932009,23.79886682,0,37689.81806,1133.308941,761.9999756,2500,186.6041864,180,77.41955531,41.80322029,-3.864419581,-6.469819049,0,0,0,-1266.182046,0,0,0,0,0,,-99,0,0,0,0,110,#DIV/0!,0,0,0,0,-1266.182046,0,0,0,0,0,-99,0,0,0,0,0,0,0,0,-1266.182046,0,0,0,0,0,-99,0,0,0,0,,0,0,0,0,-1266.182046,0,0,0,0,0,-99,0,0,0,0,0,1,0,0,0,0,0,-5064.728184,0,-5064.728184,0.45797349,59.85885071,742.2106329,3.534336347,148.1815813,0.330762458,109981.9453,109.9819453,110,,0.057523906,162.8129302,0.998519639,743.3703456,3.539858789,0.016696095,0,0.45797349,742.2106329,0.284557821,10.04700016,0.047224937,0.831487483
descent,1451.638279,24.19397132,0,37689.81806,1133.308941,609.5999805,2000,185.2560835,180,79.67371062,43.02036692,-3.867794128,-6.428678842,0,0,0,-1266.637348,0,0,0,0,0,,-99,0,0,0,0,110,#DIV/0!,0,0,0,0,-1266.637348,0,0,0,0,0,-99,0,0,0,0,0,0,0,0,-1266.637348,0,0,0,0,0,-99,0,0,0,0,,0,0,0,0,-1266.637348,0,0,0,0,0,-99,0,0,0,0,0,1,0,0,0,0,0,-5066.54939,0,-5066.54939,0.457594647,59.85949471,742.0879143,3.533751973,148.2059223,0.330816791,109981.8238,109.9818238,110,,0.057533355,162.928561,0.998518586,743.2486267,3.539279175,,0,0.457594647,742.0879143,0.28200927,11.03760013,0.04720898,0.831188599
descent,1475.496146,24.59160244,0,37689.81806,1133.308941,457.1999854,1500,183.9217871,180,81.92593281,44.23646975,-3.871103844,-6.387829811,0,0,0,-1267.083332,0,0,0,0,0,,-99,0,0,0,0,110,#DIV/0!,0,0,0,0,-1267.083332,0,0,0,0,0,-99,0,0,0,0,0,0,0,0,-1267.083332,0,0,0,0,0,-99,0,0,0,0,,0,0,0,0,-1267.083332,0,0,0,0,0,-99,0,0,0,0,0,1,0,0,0,0,0,-5068.33333,0,-5068.33333,0.457213318,59.86014329,741.9643906,3.533163765,148.2304312,0.330871498,109981.7016,109.9817016,2314.119463,,0.057542869,163.0449669,0.998517526,743.1261088,3.538695756,,0,0.457213318,741.9643906,0.279491423,12.0282001,0.047193366,0.830896039
circuit,1475.996146,24.59993577,0,37689.81806,1133.308941,457.1999854,1500,158.3974767,155,81.96667616,44.2584694,0,0,1.247954405,0.101064694,0.861301091,5390.253897,990,517306.7951,0,0,0,,-99,531711.0955,517306.7951,531711.0955,551029.8657,2314.119463,0.964940611,5.317110955,1.247954405,0.101064694,0.861301091,5390.253897,990,517306.7951,0,0,0,-99,531711.0955,517306.7951,531711.0955,551029.8657,5.317110955,1.247954405,0.101064694,0.861301091,5390.253897,990,517306.7951,0,0,0,-99,531711.0955,517306.7951,531711.0955,551029.8657,,5.317110955,1.247954405,0.101064694,0.861301091,5390.253897,990,517306.7951,0,0,0,-99,531711.0955,517306.7951,531711.0955,551029.8657,5.317110955,1,0,0,2126844.382,2204119.463,0,21561.01559,0,21561.01559,0.457040142,59.86617577,720.4449482,3.43069023,3212.061955,7.169781149,2314113.809,2314.113809,2314.116811,,1.246918461,72360.89238,0.968730625,743.002787,3.538108509,,0,0.457040142,720.4449482,0.240704143,12.0282001,0.06532206,1.120254062
circuit,1535.496146,25.59160244,0,37689.81806,1133.308941,457.1999854,1500,158.3974767,155,86.81513438,46.8764277,0,0,1.247954405,0.101064694,0.861301091,5390.253897,990,517306.7951,0,0,0,,-99,531711.0955,517306.7951,531711.0955,551029.2028,2314.116811,0.964941772,5.317110955,1.247954405,0.101064694,0.861301091,5390.253897,990,517306.7951,0,0,0,-99,531711.0955,517306.7951,531711.0955,551029.2028,5.317110955,1.247954405,0.101064694,0.861301091,5390.253897,990,517306.7951,0,0,0,-99,531711.0955,517306.7951,531711.0955,551029.2028,,5.317110955,1.247954405,0.101064694,0.861301091,5390.253897,990,517306.7951,0,0,0,-99,531711.0955,517306.7951,531711.0955,551029.2028,5.317110955,1,0,0,2126844.382,2204116.811,0,21561.01559,0,21561.01559,0.436330974,60.69809175,713.4877668,3.397560794,3243.356023,7.23963398,2314094.846,2314.094846,2313.797849,,1.259066779,83857.13054,0.963762449,742.9467818,3.537841818,,0,0.436330974,713.4877668,0.240704143,12.0282001,0.06532206,1.120254062
circuit,1595.496146,26.59160244,0,37689.81806,1133.308941,457.1999854,1500,158.3974767,155,91.70433594,49.51638564,0,0,1.247954405,0.101064694,0.861301091,5390.253897,990,517306.7951,0,0,0,,-99,531711.0955,517306.7951,531711.0955,550949.4623,2313.797849,0.965081431,5.317110955,1.247954405,0.101064694,0.861301091,5390.253897,990,517306.7951,0,0,0,-99,531711.0955,517306.7951,531711.0955,550949.4623,5.317110955,1.247954405,0.101064694,0.861301091,5390.253897,990,517306.7951,0,0,0,-99,531711.0955,517306.7951,531711.0955,550949.4623,,5.317110955,1.247954405,0.101064694,0.861301091,5390.253897,990,517306.7951,0,0,0,-99,531711.0955,517306.7951,531711.0955,550949.4623,5.317110955,1,0,0,2126844.382,2203797.849,0,21561.01559,0,21561.01559,0.415241912,61.55639049,706.2842377,3.363258275,3275.981253,7.312458154,2313773.922,2313.773922,2313.469118,,1.271731853,85795.54234,0.962919652,736.1920272,3.50567632,,0,0.415241912,706.2842377,0.240704143,12.0282001,0.06532206,1.120254062
circuit,1655.496146,27.59160244,0,37689.81806,1133.308941,457.1999854,1500,158.3974767,155,96.59353751,52.15634359,0,0,1.247954405,0.101064694,0.861301091,5390.253897,990,517306.7951,0,0,0,,-99,531711.0955,517306.7951,531711.0955,550867.2795,2313.469118,0.96522541,5.317110955,1.247954405,0.101064694,0.861301091,5390.253897,990,517306.7951,0,0,0,-99,531711.0955,517306.7951,531711.0955,550867.2795,5.317110955,1.247954405,0.101064694,0.861301091,5390.253897,990,517306.7951,0,0,0,-99,531711.0955,517306.7951,531711.0955,550867.2795,,5.317110955,1.247954405,0.101064694,0.861301091,5390.253897,990,517306.7951,0,0,0,-99,531711.0955,517306.7951,531711.0955,550867.2795,5.317110955,1,0,0,2126844.382,2203469.118,0,21561.01559,0,21561.01559,0.393940921,62.43168633,699.1644916,3.329354722,3308.869251,7.385868863,2313443.887,2313.443887,2284.293759,,1.284498933,87494.57184,0.962179946,729.2832503,3.472777383,,0,0.393940921,699.1644916,0.240704143,12.0282001,0.06532206,1.120254062
Approach,1682.384518,28.03974197,0,37689.81806,1133.308941,368.8079882,1210,122.1300362,120,98.28059603,53.06728241,-2.999221248,-3.287368845,0.962123078,0.09881076,0.842020372,6711.247824,990,510221.841,0,0,0,,-99,524819.7499,510221.841,524819.7499,543573.4397,2284.293759,0.965499253,5.248197499,0.962123078,0.09881076,0.842020372,6711.247824,990,510221.841,0,0,0,-99,524819.7499,510221.841,524819.7499,543573.4397,5.248197499,0.962123078,0.09881076,0.842020372,6711.247824,990,510221.841,0,0,0,-99,524819.7499,510221.841,524819.7499,543573.4397,,5.248197499,0.962123078,0.09881076,0.842020372,6711.247824,990,510221.841,0,0,0,-99,524819.7499,510221.841,524819.7499,543573.4397,5.248197499,1,0,0,2099279,2174293.759,0,26844.9913,0,26844.9913,0.384451995,62.79250088,696.5482356,3.31689636,3279.43332,7.32016366,2284283.492,2284.283492,2277.339045,,1.273071941,80481.68003,0.96476721,722.5849753,3.440880835,,0,0.384451995,696.5482356,0.185404703,12.60274808,0.235316463,1.868306127
Approach,1709.378235,28.48963724,0,37689.81806,1133.308941,280.415991,920,121.6145684,120,99.96711429,53.97792952,-3.000180244,-3.27453976,0.957931948,0.097601084,0.84112145,6710.854767,990,508546.973,0,0,0,,-99,523189.2295,508546.973,523189.2295,541834.7613,2277.339045,0.965588159,5.231892295,0.957931948,0.097601084,0.84112145,6710.854767,990,508546.973,0,0,0,-99,523189.2295,508546.973,523189.2295,541834.7613,5.231892295,0.957931948,0.097601084,0.84112145,6710.854767,990,508546.973,0,0,0,-99,523189.2295,508546.973,523189.2295,541834.7613,,5.231892295,0.957931948,0.097601084,0.84112145,6710.854767,990,508546.973,0,0,0,-99,523189.2295,508546.973,523189.2295,541834.7613,5.231892295,1,0,0,2092756.918,2167339.045,0,26843.41907,0,26843.41907,0.374916239,63.15744648,693.7106456,3.303384027,3282.82189,7.327727433,2277328.493,2277.328493,2270.448892,,1.27438738,81085.45332,0.964394485,719.9147913,3.428165673,,0,0.374916239,693.7106456,0.18443685,13.17729606,0.235299337,1.86813923
Approach,1736.477611,28.94129352,0,37689.81806,1133.308941,192.0239939,630,121.1022475,120,101.6531,54.88828909,-3.001126142,-3.261772342,0.953739918,0.09640029,0.840214588,6710.469967,990,506888.3577,0,0,0,,-99,521573.9946,506888.3577,521573.9946,540112.2229,2270.448892,0.965677081,5.215739946,0.953739918,0.09640029,0.840214588,6710.469967,990,506888.3577,0,0,0,-99,521573.9946,506888.3577,521573.9946,540112.2229,5.215739946,0.953739918,0.09640029,0.840214588,6710.469967,990,506888.3577,0,0,0,-99,521573.9946,506888.3577,521573.9946,540112.2229,,5.215739946,0.953739918,0.09640029,0.840214588,6710.469967,990,506888.3577,0,0,0,-99,521573.9946,506888.3577,521573.9946,540112.2229,5.215739946,1,0,0,2086295.978,2160448.892,0,26841.87987,0,26841.87987,0.365332285,63.52729129,690.7694765,3.28937846,3286.823914,7.336660522,2270437.635,2270.437635,2263.618807,,1.27594096,81853.58848,0.963948101,717.2314297,3.41538776,,0,0.365332285,690.7694765,0.183475889,13.75184404,0.235282424,1.867974398
Approach,1763.682967,29.39471612,0,37689.81806,1133.308941,103.6319967,340,120.5930486,120,103.338561,55.79836534,-3.002058758,-3.249065989,0.949547002,0.095208258,0.839299906,6710.093899,990,505245.8015,0,0,0,,-99,519973.872,505245.8015,519973.872,538404.7017,2263.618807,0.965767703,5.19973872,0.949547002,0.095208258,0.839299906,6710.093899,990,505245.8015,0,0,0,-99,519973.872,505245.8015,519973.872,538404.7017,5.19973872,0.949547002,0.095208258,0.839299906,6710.093899,990,505245.8015,0,0,0,-99,519973.872,505245.8015,519973.872,538404.7017,,5.19973872,0.949547002,0.095208258,0.839299906,6710.093899,990,505245.8015,0,0,0,-99,519973.872,505245.8015,519973.872,538404.7017,5.19973872,1,0,0,2079895.488,2153618.807,0,26840.3756,0,26840.3756,0.355698747,63.90281558,687.8110416,3.275290674,3291.030534,7.3460503,2263607.14,2263.60714,2256.851794,,1.277573965,82786.80388,0.963427044,714.534505,3.402545262,,0,0.355698747,687.8110416,0.182521761,14.32639202,0.235265722,1.8678116
Approach,1790.994625,29.84991041,0,37689.81806,1133.308941,15.23999951,50,120.0869475,120,105.0235052,56.70816251,-3.002977909,-3.236420107,0.945353215,0.094024868,0.838377524,6709.727037,990,503619.1144,0,0,0,,-99,518388.6914,503619.1144,518388.6914,536712.9484,2256.851794,0.965858366,5.183886914,0.945353215,0.094024868,0.838377524,6709.727037,990,503619.1144,0,0,0,-99,518388.6914,503619.1144,518388.6914,536712.9484,5.183886914,0.945353215,0.094024868,0.838377524,6709.727037,990,503619.1144,0,0,0,-99,518388.6914,503619.1144,518388.6914,536712.9484,,5.183886914,0.945353215,0.094024868,0.838377524,6709.727037,990,503619.1144,0,0,0,-99,518388.6914,503619.1144,518388.6914,536712.9484,5.183886914,1,0,0,2073554.765,2146851.794,0,26838.90815,0,26838.90815,0.346014961,64.28396269,684.8580603,3.261228859,3295.339444,7.355668403,2256839.78,2256.83978,8201.466067,,1.279246679,83699.34792,0.962913031,711.8236275,3.389636321,,0,0.346014961,684.8580603,0.181574403,14.90094,0.235249227,1.867650809
Res-GoAround,1799.14528,29.98575467,0,37689.81806,1133.308941,91.43999707,300,150.6501141,150,105.6485367,57.04565257,8.32313466,11.21872958,0.979702066,0.195460232,0.820932815,19180.02778,1198.8,1842620,0,0,0,,-99,1865000,1842620,1865000,2022866.517,8201.466067,0.921959004,30,0.979702066,0.195460232,0.820932815,19180.02778,1198.8,1842620,0,0,0,-99,1865000,1842620,1865000,2022866.517,30,0.979702066,0.195460232,0.820932815,19180.02778,1198.8,1842620,0,0,0,-99,1865000,1842620,1865000,2022866.517,,30,0.979702066,0.195460232,0.820932815,19180.02778,1198.8,1842620,0,0,0,-99,1865000,1842620,1865000,2022866.517,30,1,0,0,7460000,8091466.067,0,76720.11113,0,76720.11113,0.334147517,66.15045342,604.7468101,2.879746715,13561.74063,30.27174248,8201419.385,8201.419385,8200.732603,,5.264650865,1373443.543,0.832535872,709.1320844,3.37681945,,0,0.334147517,604.7468101,0.22798275,14.40564002,0.070912963,1.195444005
Res-GoAround,1807.309384,30.12182306,0,37689.81806,1133.308941,182.8799941,600,151.3042886,150,106.2773982,57.38521061,8.273148844,11.20024922,0.984156957,0.197326519,0.821111641,19102.33977,1198.8,1842620,0,0,0,,-99,1865000,1842620,1865000,2022683.151,8200.732603,0.922042585,30,0.984156957,0.197326519,0.821111641,19102.33977,1198.8,1842620,0,0,0,-99,1865000,1842620,1865000,2022683.151,30,0.984156957,0.197326519,0.821111641,19102.33977,1198.8,1842620,0,0,0,-99,1865000,1842620,1865000,2022683.151,,30,0.984156957,0.197326519,0.821111641,19102.33977,1198.8,1842620,0,0,0,-99,1865000,1842620,1865000,2022683.151,30,1,0,0,7460000,8090732.603,0,76409.35906,0,76409.35906,0.32215454,68.07711134,599.2548899,2.853594714,13684.79153,30.54640967,8200678.243,8200.678243,8199.979924,,5.312419073,1415381.75,0.827406745,705.8922723,3.361391773,,0,0.32215454,599.2548899,0.229209733,13.81128004,0.070925802,1.195611228
Res-GoAround,1815.487186,30.25811976,0,37689.81806,1133.308941,274.3199912,900,151.9625557,150,106.9101352,57.72686134,8.223168879,11.18148828,0.98861034,0.199192801,0.821290296,19024.65686,1198.8,1842620,0,0,0,,-99,1865000,1842620,1865000,2022494.981,8199.979924,0.92212837,30,0.98861034,0.199192801,0.821290296,19024.65686,1198.8,1842620,0,0,0,-99,1865000,1842620,1865000,2022494.981,30,0.98861034,0.199192801,0.821290296,19024.65686,1198.8,1842620,0,0,0,-99,1865000,1842620,1865000,2022494.981,,30,0.98861034,0.199192801,0.821290296,19024.65686,1198.8,1842620,0,0,0,-99,1865000,1842620,1865000,2022494.981,30,1,0,0,7460000,8089979.924,0,76098.62743,0,76098.62743,0.310029321,70.0690046,593.5074171,2.826225796,13816.02769,30.83934752,8199914.909,8199.914909,8199.193685,,5.363364786,1460854.522,0.821845161,702.6181894,3.345800902,,0,0.310029321,593.5074171,0.230445713,13.21692006,0.070938808,1.195780603
Res-GoAround,1823.67894,30.394649,0,37689.81806,1133.308941,365.7599883,1200,152.6249479,150,107.5467946,58.07062993,8.17319484,11.16244384,0.99306219,0.201059078,0.821468779,18946.9791,1198.8,1842620,0,0,0,,-99,1865000,1842620,1865000,2022298.421,8199.193685,0.922217997,30,0.99306219,0.201059078,0.821468779,18946.9791,1198.8,1842620,0,0,0,-99,1865000,1842620,1865000,2022298.421,30,0.99306219,0.201059078,0.821468779,18946.9791,1198.8,1842620,0,0,0,-99,1865000,1842620,1865000,2022298.421,,30,0.99306219,0.201059078,0.821468779,18946.9791,1198.8,1842620,0,0,0,-99,1865000,1842620,1865000,2022298.421,30,1,0,0,7460000,8089193.685,0,75787.9164,0,75787.9164,0.29776408,72.13222946,587.5389448,2.797804499,13955.01745,31.14959252,8199116.227,8199.116227,8198.377457,,5.417320439,1510591.877,0.815761622,699.3080047,3.330038118,,0,0.29776408,587.5389448,0.231690771,12.62256008,0.070951984,1.195952163
Res-GoAround,1831.884905,30.53141509,0,37689.81806,1133.308941,457.1999854,1500,153.2914979,150,108.1874237,58.416542,8.123226803,11.14311293,0.997512483,0.202925348,0.821647088,18869.30654,1198.8,1842620,0,0,0,,-99,1865000,1842620,1865000,2022094.364,8198.377457,0.922311062,30,0.997512483,0.202925348,0.821647088,18869.30654,1198.8,1842620,0,0,0,-99,1865000,1842620,1865000,2022094.364,30,0.997512483,0.202925348,0.821647088,18869.30654,1198.8,1842620,0,0,0,-99,1865000,1842620,1865000,2022094.364,,30,0.997512483,0.202925348,0.821647088,18869.30654,1198.8,1842620,0,0,0,-99,1865000,1842620,1865000,2022094.364,30,1,0,0,7460000,8088377.457,0,75477.22615,0,75477.22615,0.285346907,74.27559511,580.9783225,2.76656344,14111.29864,31.49843446,8198358.612,8198.358612,1146.437329,,5.477988602,1566549.391,0.808919143,695.8844668,3.313735556,,0,0.285346907,580.9783225,0.23294499,12.0282001,0.070965331,1.19612594
Res-climb,1861.990265,31.03317108,0,37679.39283,1122.883716,609.5999805,2000,185.2560835,180,111.0525331,59.96357748,3.044789602,5.062221424,1.358366056,0.179420506,0.87931511,9983.416602,1069.645629,1104208.932,311.6622013,872.8103913,330.5206258,,15,1122810.391,1104208.932,250000,259109.3321,1146.437329,0.964843674,2.5,1.358366056,0.179420506,0.87931511,9983.416602,1069.645629,1104208.932,311.6622013,872.8103913,330.5206258,15,1122810.391,1104208.932,250000,259109.3321,2.5,1.358366056,0.179420506,0.87931511,9983.416602,1069.645629,1104208.932,311.6622013,872.8103913,330.5206258,15,1122810.391,1104208.932,250000,259109.3321,,2.5,1.358366056,0.179420506,0.87931511,9983.416602,1069.645629,1104208.932,311.6622013,872.8103913,330.5206258,15,1122810.391,1104208.932,250000,259109.3321,2.5,1,1,1246.648805,1000000,1036437.329,3491241.565,39933.66641,1322.082503,41255.74891,0.279856915,74.39612921,676.9789737,3.223709398,1693.373577,3.779851734,1146378.306,1146.378306,1146.375786,,0.657365519,24012.84429,0.979053298,692.0773616,3.295606484,,0,0.279856915,676.9789737,0.28200927,11.03760013,0.04720898,0.831188599
Res-climb,1892.281016,31.53801693,0,37668.98326,1112.474143,761.9999756,2500,186.6041864,180,113.9563724,61.53152544,3.004254682,5.031238535,1.368302951,0.182125537,0.879728633,9916.20701,1069.645443,1104208.279,309.2896554,872.8097324,330.6191228,,15,1122809.732,1104208.279,250000,259093.9465,1146.375786,0.964900969,2.5,1.368302951,0.182125537,0.879728633,9916.20701,1069.645443,1104208.279,309.2896554,872.8097324,330.6191228,15,1122809.732,1104208.279,250000,259093.9465,2.5,1.368302951,0.182125537,0.879728633,9916.20701,1069.645443,1104208.279,309.2896554,872.8097324,330.6191228,15,1122809.732,1104208.279,250000,259093.9465,,2.5,1.368302951,0.182125537,0.879728633,9916.20701,1069.645443,1104208.279,309.2896554,872.8097324,330.6191228,15,1122809.732,1104208.279,250000,259093.9465,2.5,1,1,1237.158621,1000000,1036375.786,3491238.93,39664.82804,1322.476491,40987.30453,0.274318651,74.51878959,675.1631583,3.215062659,1697.834654,3.789809495,1146315.407,1146.315407,1146.313701,,0.659097304,24286.88088,0.97881309,690.39413,3.287591095,,0,0.274318651,675.1631583,0.284557821,10.04700016,0.047212657,0.831257488
Res-climb,1922.762939,32.04604899,0,37658.58112,1102.072004,914.3999707,3000,187.9662732,180,116.8999768,63.12094487,2.963743025,4.999684345,1.378229776,0.184830639,0.880141731,9849.039527,1069.646178,1104210.862,307.1303895,872.8123369,330.7736228,,15,1122812.337,1104210.862,250000,259078.4252,1146.313701,0.964958776,2.5,1.378229776,0.184830639,0.880141731,9849.039527,1069.646178,1104210.862,307.1303895,872.8123369,330.7736228,15,1122812.337,1104210.862,250000,259078.4252,2.5,1.378229776,0.184830639,0.880141731,9849.039527,1069.646178,1104210.862,307.1303895,872.8123369,330.7736228,15,1122812.337,1104210.862,250000,259078.4252,,2.5,1.378229776,0.184830639,0.880141731,9849.039527,1069.646178,1104210.862,307.1303895,872.8123369,330.7736228,15,1122812.337,1104210.862,250000,259078.4252,2.5,1,1,1228.521558,1000000,1036313.701,3491249.348,39396.15811,1323.094491,40719.2526,0.268730676,74.6436312,673.3328762,3.206347029,1702.35561,3.799900916,1146251.999,1146.251999,1146.251123,,0.660852333,24563.74045,0.978570384,688.6960983,3.27950523,,0,0.268730676,673.3328762,0.287137536,9.05640019,0.04721669,0.831333036
Res-climb,1953.441735,32.55736224,0,37648.18562,1091.676498,1066.799966,3500,189.3425237,180,119.884393,64.73240087,2.923284799,4.967600391,1.388147589,0.187535737,0.880554433,9781.882352,1069.646814,1104213.097,304.9648729,872.8145905,330.9638348,,15,1122814.591,1104213.097,250000,259062.7807,1146.251123,0.965017049,2.5,1.388147589,0.187535737,0.880554433,9781.882352,1069.646814,1104213.097,304.9648729,872.8145905,330.9638348,15,1122814.591,1104213.097,250000,259062.7807,2.5,1.388147589,0.187535737,0.880554433,9781.882352,1069.646814,1104213.097,304.9648729,872.8145905,330.9638348,15,1122814.591,1104213.097,250000,259062.7807,,2.5,1.388147589,0.187535737,0.880554433,9781.882352,1069.646814,1104213.097,304.9648729,872.8145905,330.9638348,15,1122814.591,1104213.097,250000,259062.7807,2.5,1,1,1219.859491,1000000,1036251.123,3491258.362,39127.52941,1323.855339,40451.38475,0.263091547,74.77071185,671.4851931,3.197548539,1706.944514,3.810144005,1146187.967,1146.187967,1146.187959,,0.66263374,24843.83566,0.978324815,686.9828252,3.271346787,,0,0.263091547,671.4851931,0.289748883,8.065800222,0.047221078,0.831415216
Res-climb,1984.323651,33.07206085,0,37637.79581,1081.286689,1219.199961,4000,190.7331203,180,122.9107407,66.36649809,2.882850055,4.934926717,1.398056148,0.190240829,0.880966729,9714.735633,1069.647349,1104214.978,302.7929915,872.8164867,331.1905709,,15,1122816.487,1104214.978,250000,259046.9897,1146.187959,0.965075874,2.5,1.398056148,0.190240829,0.880966729,9714.735633,1069.647349,1104214.978,302.7929915,872.8164867,331.1905709,15,1122816.487,1104214.978,250000,259046.9897,2.5,1.398056148,0.190240829,0.880966729,9714.735633,1069.647349,1104214.978,302.7929915,872.8164867,331.1905709,15,1122816.487,1104214.978,250000,259046.9897,,2.5,1.398056148,0.190240829,0.880966729,9714.735633,1069.647349,1104214.978,302.7929915,872.8164867,331.1905709,15,1122816.487,1104214.978,250000,259046.9897,2.5,1,1,1211.171966,1000000,1036187.959,3491265.947,38858.94253,1324.762284,40183.70481,0.257399688,74.90010476,669.619566,3.1886646,1711.603651,3.820543863,1146123.294,1146.123294,1146.124191,,0.664442411,25129.49283,0.978074355,685.2538682,3.263113658,,0,0.257399688,669.619566,0.292392338,7.075200254,0.047225828,0.831504173
Res-climb,2015.415183,33.59025305,0,37627.41073,1070.901612,1371.599956,4500,192.1382479,180,125.9801848,68.0238655,2.842440381,4.901656039,1.407955201,0.192945916,0.881378612,9647.599519,1069.647782,1104216.498,300.6146294,872.818019,331.4546615,,15,1122818.019,1104216.498,250000,259031.0478,1146.124191,0.965135269,2.5,1.407955201,0.192945916,0.881378612,9647.599519,1069.647782,1104216.498,300.6146294,872.818019,331.4546615,15,1122818.019,1104216.498,250000,259031.0478,2.5,1.407955201,0.192945916,0.881378612,9647.599519,1069.647782,1104216.498,300.6146294,872.818019,331.4546615,15,1122818.019,1104216.498,250000,259031.0478,,2.5,1.407955201,0.192945916,0.881378612,9647.599519,1069.647782,1104216.498,300.6146294,872.818019,331.4546615,15,1122818.019,1104216.498,250000,259031.0478,2.5,1,1,1202.458518,1000000,1036124.191,3491272.076,38590.39808,1325.818646,39916.21672,0.251653457,75.03188669,667.7354318,3.179692532,1716.335399,3.831105801,1146057.959,1146.057959,1146.0598,,0.66627927,25420.91821,0.97781882,683.5087443,3.254803544,,0,0.251653457,667.7354318,0.295068384,6.084600285,0.047230948,0.83160005
Res-climb,2046.723082,34.11205136,0,37617.02939,1060.520273,1523.999951,5000,193.5580941,180,129.0939376,69.70515769,2.802057408,4.867781041,1.417845077,0.195651268,0.881789998,9580.474532,1069.64811,1104217.65,298.4296679,872.8191805,331.7569559,,15,1122819.181,1104217.65,250000,259014.9501,1146.0598,0.965195252,2.5,1.417845077,0.195651268,0.881789998,9580.474532,1069.64811,1104217.65,298.4296679,872.8191805,331.7569559,15,1122819.181,1104217.65,250000,259014.9501,2.5,1.417845077,0.195651268,0.881789998,9580.474532,1069.64811,1104217.65,298.4296679,872.8191805,331.7569559,15,1122819.181,1104217.65,250000,259014.9501,,2.5,1.417845077,0.195651268,0.881789998,9580.474532,1069.64811,1104217.65,298.4296679,872.8191805,331.7569559,15,1122819.181,1104217.65,250000,259014.9501,2.5,1,1,1193.718672,1000000,1036059.8,3491276.722,38321.89813,1327.027824,39648.92595,0.245849915,75.16745587,665.544855,3.169261214,1721.869825,3.843459431,1145981.603,1145.981603,1145.984884,,0.668427727,25970.75446,0.977337547,681.7469501,3.246414048,,0,0.245849915,665.544855,0.297777515,5.094000317,0.047236446,0.831702997
Res-climb,2078.254367,34.63757278,0,37606.63584,1050.126725,1676.399946,5500,194.9928492,180,132.253261,71.41105607,2.761703029,4.83329476,1.428925904,0.198912421,0.882049399,9514.116111,1069.648038,1104217.396,296.6638567,872.8189244,331.9095496,,15,1122818.924,1104217.396,250000,258996.221,1145.984884,0.965265049,2.5,1.428925904,0.198912421,0.882049399,9514.116111,1069.648038,1104217.396,296.6638567,872.8189244,331.9095496,15,1122818.924,1104217.396,250000,258996.221,2.5,1.428925904,0.198912421,0.882049399,9514.116111,1069.648038,1104217.396,296.6638567,872.8189244,331.9095496,15,1122818.924,1104217.396,250000,258996.221,,2.5,1.428925904,0.198912421,0.882049399,9514.116111,1069.648038,1104217.396,296.6638567,872.8189244,331.9095496,15,1122818.924,1104217.396,250000,258996.221,2.5,1,1,1186.655427,1000000,1035984.884,3491275.697,38056.46444,1327.638198,39384.10264,0.239985474,75.3062905,663.2135546,3.158159784,1727.799933,3.856696278,1145900.335,1145.900335,1145.905191,,0.670729788,26407.88456,0.976954466,679.6886982,3.236612849,,0,0.239985474,663.2135546,0.30052023,4.103400349,0.047242331,0.831813165
Res-climb,2110.012413,35.16687354,0,37596.23036,1039.721245,1828.799941,6000,196.4427058,180,135.4590722,73.14205579,2.721716069,4.798783759,1.439995715,0.202173595,0.882308385,9447.772988,1069.648002,1104217.272,294.8837633,872.8187998,332.0881181,,15,1122818.8,1104217.272,250000,258976.2977,1145.905191,0.965339308,2.5,1.439995715,0.202173595,0.882308385,9447.772988,1069.648002,1104217.272,294.8837633,872.8187998,332.0881181,15,1122818.8,1104217.272,250000,258976.2977,2.5,1.439995715,0.202173595,0.882308385,9447.772988,1069.648002,1104217.272,294.8837633,872.8187998,332.0881181,15,1122818.8,1104217.272,250000,258976.2977,,2.5,1.439995715,0.202173595,0.882308385,9447.772988,1069.648002,1104217.272,294.8837633,872.8187998,332.0881181,15,1122818.8,1104217.272,250000,258976.2977,2.5,1,1,1179.535053,1000000,1035905.191,3491275.199,37791.09195,1328.352472,39119.44443,0.234058368,75.44800495,660.8561408,3.146934004,1733.839183,3.870176748,1145818.271,1145.818271,1145.824626,,0.673074217,26763.18903,0.976642728,677.4965701,3.226174143,,0,0.234058368,660.8561408,0.303297039,3.11280038,0.047248593,0.831930381
Res-climb,2142.004702,35.70007836,0,37585.81192,1029.302801,1981.199937,6500,197.9078596,180,138.7127226,74.8988867,2.68175674,4.763647747,1.451054113,0.205434795,0.882566944,9381.447239,1069.648071,1104217.515,293.0893724,872.8190443,332.3104283,,15,1122819.044,1104217.515,250000,258956.1565,1145.824626,0.965414391,2.5,1.451054113,0.205434795,0.882566944,9381.447239,1069.648071,1104217.515,293.0893724,872.8190443,332.3104283,15,1122819.044,1104217.515,250000,258956.1565,2.5,1.451054113,0.205434795,0.882566944,9381.447239,1069.648071,1104217.515,293.0893724,872.8190443,332.3104283,15,1122819.044,1104217.515,250000,258956.1565,,2.5,1.451054113,0.205434795,0.882566944,9381.447239,1069.648071,1104217.515,293.0893724,872.8190443,332.3104283,15,1122819.044,1104217.515,250000,258956.1565,2.5,1,1,1172.357489,1000000,1035824.626,3491276.177,37525.78896,1329.241713,38855.03067,0.228066523,75.59270598,658.4719402,3.135580667,1739.990974,3.883908424,1145735.233,1145.735233,1145.743161,,0.675462335,27127.12852,0.976323388,675.2810179,3.215623895,,0,0.228066523,658.4719402,0.30610846,2.122200412,0.047255243,0.832054836
Res-climb,2174.238892,36.23731486,0,37575.37949,1018.870369,2133.599932,7000,199.3885088,180,142.015608,76.68230231,2.641837876,4.727899007,1.462100778,0.208696023,0.882825065,9315.13898,1069.648247,1104218.13,291.2804185,872.819665,332.5774641,,15,1122819.665,1104218.13,250000,258935.7902,1145.743161,0.965490324,2.5,1.462100778,0.208696023,0.882825065,9315.13898,1069.648247,1104218.13,291.2804185,872.819665,332.5774641,15,1122819.665,1104218.13,250000,258935.7902,2.5,1.462100778,0.208696023,0.882825065,9315.13898,1069.648247,1104218.13,291.2804185,872.819665,332.5774641,15,1122819.665,1104218.13,250000,258935.7902,,2.5,1.462100778,0.208696023,0.882825065,9315.13898,1069.648247,1104218.13,291.2804185,872.819665,332.5774641,15,1122819.665,1104218.13,250000,258935.7902,2.5,1,1,1165.121674,1000000,1035743.161,3491278.66,37260.55592,1330.309857,38590.86577,0.222007528,75.74053262,656.0568472,3.124080225,1746.268015,3.897919675,1145651.088,1145.651088,1145.660667,,0.677899074,27505.1134,0.975991719,673.0412662,3.20495841,,0,0.222007528,656.0568472,0.30895502,1.131600444,0.047262289,0.832186696
Res-climb,2206.72296,36.778716,0,37564.93201,1008.422893,2285.999927,7500,200.8848543,180,145.3691833,78.49308833,2.601961254,4.691530392,1.473135384,0.211957281,0.883082739,9248.848322,1069.64853,1104219.126,289.4566309,872.8206689,332.8902318,,15,1122820.669,1104219.126,250000,258915.1668,1145.660667,0.965567229,2.5,1.473135384,0.211957281,0.883082739,9248.848322,1069.64853,1104219.126,289.4566309,872.8206689,332.8902318,15,1122820.669,1104219.126,250000,258915.1668,2.5,1.473135384,0.211957281,0.883082739,9248.848322,1069.64853,1104219.126,289.4566309,872.8206689,332.8902318,15,1122820.669,1104219.126,250000,258915.1668,,2.5,1.473135384,0.211957281,0.883082739,9248.848322,1069.64853,1104219.126,289.4566309,872.8206689,332.8902318,15,1122820.669,1104219.126,250000,258915.1668,2.5,1,1,1157.826524,1000000,1035660.667,3491282.675,36995.39329,1331.560927,38326.95421,0.21587909,75.89163381,653.6087542,3.112422639,1752.820014,3.912544674,1145658.506,1145.658506,1145.577106,,0.680442552,27898.12003,0.975648834,670.7764138,3.194173399,,0,0.21587909,653.6087542,0.311837254,0.141000475,0.047269742,0.832326133
Res-climb,2239.465222,37.32442037,0,37554.4521,997.9429785,2438.399922,8000,202.3971,180,148.7749667,80.33206447,2.562128696,4.654534746,1.484157327,0.215218585,0.883339945,9182.580833,1069.649113,1104221.176,288.0657051,872.8227356,333.3542228,,15,1122822.736,1104221.176,250000,258894.2766,1145.577106,0.96564514,2.5,1.484157327,0.215218585,0.883339945,9182.580833,1069.649113,1104221.176,288.0657051,872.8227356,333.3542228,15,1122822.736,1104221.176,250000,258894.2766,2.5,1.484157327,0.215218585,0.883339945,9182.580833,1069.649113,1104221.176,288.0657051,872.8227356,333.3542228,15,1122822.736,1104221.176,250000,258894.2766,,2.5,1.484157327,0.215218585,0.883339945,9182.580833,1069.649113,1104221.176,288.0657051,872.8227356,333.3542228,15,1122822.736,1104221.176,250000,258894.2766,2.5,1,1,1152.262821,1000000,1035577.106,3491290.942,36730.32333,1333.416891,38063.74022,0.209679082,76.04614026,651.131962,3.10062839,1759.358953,3.92714052,1145574.847,1145.574847,110,,0.68298096,28301.8898,0.975294596,668.4856038,3.18326478,,0,0.209679082,651.131962,0.314755707,-0.849599493,0.04727761,0.832473323
Res-cruise,2239.513243,37.32522071,0,37554.43977,997.9306513,2438.399922,8000,202.3971,180,148.7799667,80.33476425,0,0,1.594929869,0.143834866,0.884068983,5035.959805,990,604715.4139,231.0344707,620.0307365,195.2761524,,10.655506,620030.7365,604715.4139,0,0,110,#DIV/0!,0,1.594929869,0.143834866,0.884068983,5035.959805,990,604715.4139,231.0344707,620.0307365,195.2761524,10.655506,620030.7365,604715.4139,0,0,0,1.594929869,0.143834866,0.884068983,5035.959805,990,604715.4139,231.0344707,620.0307365,195.2761524,10.655506,620030.7365,604715.4139,0,0,,0,1.594929869,0.143834866,0.884068983,5035.959805,990,604715.4139,231.0344707,620.0307365,195.2761524,10.655506,620030.7365,604715.4139,0,0,0,0,1,924.1378828,0,0,2480122.946,20143.83922,781.1046098,20924.94383,0.209678225,76.04614213,664.7530839,3.165490876,165.4747712,0.369363329,109999.8645,109.9998645,110,,0.064237101,234.0307383,0.997872445,666.1680407,3.172228765,,0,0.209678225,664.7530839,0.314755707,-0.849599493,0.047265196,0.832241079
Res-cruise,2526.348814,42.10581357,0,37480.80766,924.2985475,2438.399922,8000,202.3971,180,178.645875,96.46106643,0,0,1.594929869,0.143834824,0.884068974,5035.958281,990,604715.2382,231.0344326,620.0305594,195.2760608,,10.65550296,620030.5594,604715.2382,0,0,110,#DIV/0!,0,1.594929869,0.143834824,0.884068974,5035.958281,990,604715.2382,231.0344326,620.0305594,195.2760608,10.65550296,620030.5594,604715.2382,0,0,0,1.594929869,0.143834824,0.884068974,5035.958281,990,604715.2382,231.0344326,620.0305594,195.2760608,10.65550296,620030.5594,604715.2382,0,0,,0,1.594929869,0.143834824,0.884068974,5035.958281,990,604715.2382,231.0344326,620.0305594,195.2760608,10.65550296,620030.5594,604715.2382,0,0,0,0,1,924.1377304,0,0,2480122.238,20143.83312,781.1042433,20924.93737,0.204553515,76.06497518,662.8283925,3.156325679,165.9544415,0.370434021,109999.3157,109.9993157,110,,0.064423308,393.7904656,0.996420064,666.1677205,3.17222724,,0,0.204553515,662.8283925,0.314755707,-0.849599493,0.047265181,0.832240805
Res-cruise,2813.232406,46.88720676,0,37407.2357,850.7265862,2438.399922,8000,202.3971,180,208.5167833,112.5900684,0,0,1.594929869,0.143585398,0.884013682,5026.867464,990,603666.9903,230.8070835,618.9734,194.7292931,,10.63733452,618973.4,603666.9903,0,0,110,#DIV/0!,0,1.594929869,0.143585398,0.884013682,5026.867464,990,603666.9903,230.8070835,618.9734,194.7292931,10.63733452,618973.4,603666.9903,0,0,0,1.594929869,0.143585398,0.884013682,5026.867464,990,603666.9903,230.8070835,618.9734,194.7292931,10.63733452,618973.4,603666.9903,0,0,,0,1.594929869,0.143585398,0.884013682,5026.867464,990,603666.9903,230.8070835,618.9734,194.7292931,10.63733452,618973.4,603666.9903,0,0,0,0,1,923.2283341,0,0,2475893.6,20107.46986,778.9171723,20886.38703,0.199412999,76.08400658,660.8896766,3.147093698,166.4412469,0.37152064,109999.3018,109.9993018,110,,0.064612285,397.8711266,0.996382967,664.2521039,3.163105257,,0,0.199412999,660.8896766,0.314755707,-0.849599493,0.047178055,0.830609051
Res-cruise,3100.115998,51.66859996,0,37333.73601,777.2268969,2438.399922,8000,202.3971,180,238.3876916,128.7190703,0,0,1.594929869,0.143336666,0.883958544,5017.801955,990,602621.6605,230.5803547,617.9191246,194.184017,,10.61921564,617919.1246,602621.6605,0,0,110,#DIV/0!,0,1.594929869,0.143336666,0.883958544,5017.801955,990,602621.6605,230.5803547,617.9191246,194.184017,10.61921564,617919.1246,602621.6605,0,0,0,1.594929869,0.143336666,0.883958544,5017.801955,990,602621.6605,230.5803547,617.9191246,194.184017,10.61921564,617919.1246,602621.6605,0,0,,0,1.594929869,0.143336666,0.883958544,5017.801955,990,602621.6605,230.5803547,617.9191246,194.184017,10.61921564,617919.1246,602621.6605,0,0,0,0,1,922.3214188,0,0,2471676.498,20071.20782,776.7360678,20847.94389,0.194257232,76.10337049,658.9063224,3.137649154,166.9422061,0.372638853,109999.2751,109.9992751,110,,0.064806757,404.8227572,0.996319769,662.3256484,3.153931659,,0,0.194257232,658.9063224,0.314755707,-0.849599493,0.047091171,0.828978628
Res-descent,3122.160865,52.03601442,0,37331.30834,774.7992216,2285.999927,7500,200.8848543,180,240.6607952,129.9464482,-3.835649417,-6.913173606,0,0,0,-1261.065575,0,0,99.11185793,11.25972303,0,,0,11259.72303,2316.247973,0,0,110,#DIV/0!,0,0,0,0,-1261.065575,0,0,99.11185793,11.25972303,0,0,11259.72303,2316.247973,0,0,0,0,0,0,-1261.065575,0,0,99.11185793,11.25972303,0,0,11259.72303,2316.247973,0,0,,0,0,0,0,-1261.065575,0,0,99.11185793,11.25972303,0,0,11259.72303,2316.247973,0,0,0,0,1,396.4474317,0,0,45038.89212,-5044.262302,0,-5044.262302,0.193860454,76.10430793,658.7506965,3.136908079,166.9440141,0.372642889,109974.4856,109.9744856,110,,0.064807459,255.042168,0.997680897,660.3551139,3.144548162,,0,0.193860454,658.7506965,0.311837254,0.141000475,0.046984554,0.826973528
Res-descent,3144.346977,52.40578294,0,37328.83039,772.3212717,2133.599932,7000,199.3885088,180,242.9314113,131.172483,-3.839838708,-6.869162048,0,0,0,-1261.627054,0,0,100.520314,10.63167757,0,,0,10631.67757,2124.364078,0,0,110,#DIV/0!,0,0,0,0,-1261.627054,0,0,100.520314,10.63167757,0,0,10631.67757,2124.364078,0,0,0,0,0,0,-1261.627054,0,0,100.520314,10.63167757,0,0,10631.67757,2124.364078,0,0,,0,0,0,0,-1261.627054,0,0,100.520314,10.63167757,0,0,10631.67757,2124.364078,0,0,0,0,1,402.0812558,0,0,42526.7103,-5046.508216,0,-5046.508216,0.193461041,76.10525252,658.5970397,3.136176379,166.982698,0.372729237,109974.3106,109.9743106,110,,0.064822476,255.3519242,0.997678077,660.2034655,3.143826026,,0,0.193461041,658.5970397,0.30895502,1.131600444,0.046962159,0.826551738
Res-descent,3166.675206,52.7779201,0,37326.30162,769.792505,1981.199937,6500,197.9078596,180,245.199592,132.3972027,-3.84394942,-6.825440167,0,0,0,-1262.176757,0,0,101.9288188,9.997225739,0,,0,9997.225739,1938.04293,0,0,110,#DIV/0!,0,0,0,0,-1262.176757,0,0,101.9288188,9.997225739,0,0,9997.225739,1938.04293,0,0,0,0,0,0,-1262.176757,0,0,101.9288188,9.997225739,0,0,9997.225739,1938.04293,0,0,,0,0,0,0,-1262.176757,0,0,101.9288188,9.997225739,0,0,9997.225739,1938.04293,0,0,0,0,1,407.715275,0,0,39988.90296,-5048.707029,0,-5048.707029,0.193058977,76.10620432,658.4423621,3.13543982,167.0216569,0.372816198,109974.1343,109.9741343,110,,0.0648376,255.6639625,0.997675236,660.05081,3.143099095,,0,0.193058977,658.4423621,0.30610846,2.122200412,0.046940146,0.826136917
Res-descent,3189.146424,53.1524404,0,37323.72149,767.2123754,1828.799941,6000,196.4427058,180,247.4653878,133.6206347,-3.847983206,-6.782008796,0,0,0,-1262.71496,0,0,103.3373729,9.356493459,0,,0,9356.493459,1757.548204,0,0,110,#DIV/0!,0,0,0,0,-1262.71496,0,0,103.3373729,9.356493459,0,0,9356.493459,1757.548204,0,0,0,0,0,0,-1262.71496,0,0,103.3373729,9.356493459,0,0,9356.493459,1757.548204,0,0,,0,0,0,0,-1262.71496,0,0,103.3373729,9.356493459,0,0,9356.493459,1757.548204,0,0,0,0,1,413.3494916,0,0,37425.97384,-5050.85984,0,-5050.85984,0.192654243,76.10716339,658.286657,3.134698367,167.060893,0.372903779,109973.9568,109.9739568,110,,0.064852831,255.9782963,0.997672373,659.897141,3.142367338,,0,0.192654243,658.286657,0.303297039,3.11280038,0.046918502,0.825728855
Res-descent,3211.761495,53.52935825,0,37321.08945,764.5803335,1676.399946,5500,194.9928492,180,249.7288482,134.8428057,-3.851941687,-6.738868628,0,0,0,-1263.24193,0,0,104.7459769,8.70960405,0,,0,8709.60405,1583.139079,0,0,110,#DIV/0!,0,0,0,0,-1263.24193,0,0,104.7459769,8.70960405,0,0,8709.60405,1583.139079,0,0,0,0,0,0,-1263.24193,0,0,104.7459769,8.70960405,0,0,8709.60405,1583.139079,0,0,,0,0,0,0,-1263.24193,0,0,104.7459769,8.70960405,0,0,8709.60405,1583.139079,0,0,0,0,1,418.9839076,0,0,34838.4162,-5052.967721,0,-5052.967721,0.192246821,76.1081298,658.1299176,3.133951989,167.1004084,0.372991983,109973.778,109.973778,110,,0.064868171,256.2949388,0.99766949,659.7424515,3.141630722,,0,0.192246821,658.1299176,0.30052023,4.103400349,0.046897215,0.825327343
Res-descent,3234.521282,53.90868804,0,37318.40481,761.8956911,1523.999951,5000,193.5580941,180,251.9900212,136.0637416,-3.855826454,-6.69602022,0,0,0,-1263.757929,0,0,106.1599618,8.081605177,0,,0,8081.605177,1421.339696,0,0,110,#DIV/0!,0,0,0,0,-1263.757929,0,0,106.1599618,8.081605177,0,0,8081.605177,1421.339696,0,0,0,0,0,0,-1263.757929,0,0,106.1599618,8.081605177,0,0,8081.605177,1421.339696,0,0,,0,0,0,0,-1263.757929,0,0,106.1599618,8.081605177,0,0,8081.605177,1421.339696,0,0,0,0,1,424.639847,0,0,32326.42071,-5055.031716,0,-5055.031716,0.191836695,76.1091036,657.9721372,3.133200653,167.1402051,0.373080815,109973.598,109.973598,110,,0.06488362,256.6139033,0.997666586,659.5867351,3.140889215,,0,0.191836695,657.9721372,0.297777515,5.094000317,0.046876276,0.824932179
Res-descent,3257.426643,54.29044406,0,37315.66527,759.1561535,1371.599956,4500,192.1382479,180,254.2489538,137.2834677,-3.859639068,-6.653464005,0,0,0,-1264.263211,0,0,107.6422168,7.210276216,0,,0,7210.276216,1209.113166,0,0,110,#DIV/0!,0,0,0,0,-1264.263211,0,0,107.6422168,7.210276216,0,0,7210.276216,1209.113166,0,0,0,0,0,0,-1264.263211,0,0,107.6422168,7.210276216,0,0,7210.276216,1209.113166,0,0,,0,0,0,0,-1264.263211,0,0,107.6422168,7.210276216,0,0,7210.276216,1209.113166,0,0,0,0,1,430.5688672,0,0,28841.10486,-5057.052844,0,-5057.052844,0.191423847,76.11008486,657.8133092,3.132444329,167.1802853,0.37317028,109973.4167,109.9734167,110,,0.064899179,256.9352035,0.997663661,659.4299849,3.140142785,,0,0.191423847,657.8133092,0.295068384,6.084600285,0.046855672,0.824543166
Res-descent,3280.478432,54.67464054,0,37312.8702,756.3610848,1219.199961,4000,190.7331203,180,256.5056918,138.5020089,-3.863381106,-6.611200367,0,0,0,-1264.758025,0,0,109.1265357,6.328853193,0,,0,6328.853193,1008.932368,0,0,110,#DIV/0!,0,0,0,0,-1264.758025,0,0,109.1265357,6.328853193,0,0,6328.853193,1008.932368,0,0,0,0,0,0,-1264.758025,0,0,109.1265357,6.328853193,0,0,6328.853193,1008.932368,0,0,,0,0,0,0,-1264.758025,0,0,109.1265357,6.328853193,0,0,6328.853193,1008.932368,0,0,0,0,1,436.5061427,0,0,25315.41277,-5059.032099,0,-5059.032099,0.19100826,76.11107363,657.6534267,3.131682984,167.2206511,0.373260382,109973.2342,109.9732342,110,,0.064914849,257.2588527,0.997660714,659.2721944,3.139391402,,0,0.19100826,657.6534267,0.292392338,7.075200254,0.046835391,0.824160073
Res-descent,3303.677499,55.06129165,0,37310.01896,753.5098452,1066.799966,3500,189.3425237,180,258.7602798,139.7193892,-3.867054069,-6.569229493,0,0,0,-1265.242612,0,0,110.6128817,5.437526663,0,,0,5437.526663,821.3369923,0,0,110,#DIV/0!,0,0,0,0,-1265.242612,0,0,110.6128817,5.437526663,0,0,5437.526663,821.3369923,0,0,0,0,0,0,-1265.242612,0,0,110.6128817,5.437526663,0,0,5437.526663,821.3369923,0,0,,0,0,0,0,-1265.242612,0,0,110.6128817,5.437526663,0,0,5437.526663,821.3369923,0,0,0,0,1,442.4515269,0,0,21750.10665,-5060.970448,0,-5060.970448,0.190589916,76.11206999,657.4924832,3.130916587,167.2613045,0.373351126,109973.0505,109.9730505,110,,0.064930631,257.5848646,0.997657746,659.1133569,3.138635033,,0,0.190589916,657.4924832,0.289748883,8.065800222,0.046815423,0.823782711
Res-descent,3327.024691,55.45041152,0,37307.11091,750.6017911,914.3999707,3000,187.9662732,180,261.0127614,140.9356321,-3.870659429,-6.527551458,0,0,0,-1265.717209,0,0,112.101219,4.536483323,0,,0,4536.483323,646.8588562,0,0,110,#DIV/0!,0,0,0,0,-1265.717209,0,0,112.101219,4.536483323,0,0,4536.483323,646.8588562,0,0,0,0,0,0,-1265.717209,0,0,112.101219,4.536483323,0,0,4536.483323,646.8588562,0,0,,0,0,0,0,-1265.717209,0,0,112.101219,4.536483323,0,0,4536.483323,646.8588562,0,0,0,0,1,448.4048762,0,0,18145.93329,-5062.868836,0,-5062.868836,0.190168797,76.11307398,657.330472,3.130145105,167.3022477,0.373442517,109972.8655,109.9728655,110,,0.064946525,257.913253,0.997654756,658.9534657,3.137873646,,0,0.190168797,657.330472,0.287137536,9.05640019,0.046795757,0.823410898
Res-descent,3350.52085,55.84201417,0,37304.14539,747.6362752,761.9999756,2500,186.6041864,180,263.263179,142.1507605,-3.874198632,-6.486166229,0,0,0,-1266.182046,0,0,113.5915124,3.625906101,0,,0,3625.906101,486.0218941,0,0,110,#DIV/0!,0,0,0,0,-1266.182046,0,0,113.5915124,3.625906101,0,0,3625.906101,486.0218941,0,0,0,0,0,0,-1266.182046,0,0,113.5915124,3.625906101,0,0,3625.906101,486.0218941,0,0,,0,0,0,0,-1266.182046,0,0,113.5915124,3.625906101,0,0,3625.906101,486.0218941,0,0,0,0,1,454.3660497,0,0,14503.6244,-5064.728184,0,-5064.728184,0.189744888,76.11408568,657.1673865,3.129368507,167.3434828,0.37353456,109972.6792,109.9726792,110,,0.064962532,258.2440318,0.997651744,658.7925144,3.137107211,,0,0.189744888,657.1673865,0.284557821,10.04700016,0.046776384,0.823044454
Res-descent,3374.166817,56.23611361,0,37301.10455,744.5954314,609.5999805,2000,185.2560835,180,265.511574,143.3647968,-3.877673092,-6.445073668,0,0,0,-1266.637348,0,0,115.7389566,2.766244321,0,,0,2766.244321,348.4655715,0,0,110,#DIV/0!,0,0,0,0,-1266.637348,0,0,115.7389566,2.766244321,0,0,2766.244321,348.4655715,0,0,0,0,0,0,-1266.637348,0,0,115.7389566,2.766244321,0,0,2766.244321,348.4655715,0,0,,0,0,0,0,-1266.637348,0,0,115.7389566,2.766244321,0,0,2766.244321,348.4655715,0,0,0,0,1,462.9558264,0,0,11064.97728,-5066.54939,0,-5066.54939,0.18931817,76.11510514,657.0032199,3.128586761,167.3850118,0.373627259,109972.4917,109.9724917,110,,0.064978654,258.577215,0.99764871,658.6304962,3.136335696,,0,0.18931817,657.0032199,0.28200927,11.03760013,0.046757294,0.822683205
Res-descent,3397.963423,56.63272372,0,37297.99008,741.4809628,457.1999854,1500,183.9217871,180,267.7579866,144.5777627,-3.881084651,-6.404274288,0,0,0,-1267.083332,0,0,117.7908188,1.975037946,0,,0,1975.037946,234.1258764,0,0,110,#DIV/0!,0,0,0,0,-1267.083332,0,0,117.7908188,1.975037946,0,0,1975.037946,234.1258764,0,0,0,0,0,0,-1267.083332,0,0,117.7908188,1.975037946,0,0,1975.037946,234.1258764,0,0,,0,0,0,0,-1267.083332,0,0,117.7908188,1.975037946,0,0,1975.037946,234.1258764,0,0,0,0,1,471.1632754,0,0,7900.151783,-5068.33333,0,-5068.33333,0.188888627,76.11613242,656.8379657,3.127799837,167.426837,0.373720618,109972.303,109.972303,110,,0.06499489,258.912815,0.997645654,658.4674047,3.13555907,,0,0.188888627,656.8379657,0.279491423,12.0282001,0.046738458,0.822326602
Res-circuit,3398.463423,56.64105705,0,37297.85903,741.3499106,457.1999854,1500,158.3974767,155,267.7987299,144.5997623,0,0,1.247954405,0.096483288,0.856198066,5121.055207,990,493844.3812,235.893829,508.8525024,201.9081278,,8.745166095,508852.5024,493844.3812,0,0,110,#DIV/0!,0,1.247954405,0.096483288,0.856198066,5121.055207,990,493844.3812,235.893829,508.8525024,201.9081278,8.745166095,508852.5024,493844.3812,0,0,0,1.247954405,0.096483288,0.856198066,5121.055207,990,493844.3812,235.893829,508.8525024,201.9081278,8.745166095,508852.5024,493844.3812,0,0,,0,1.247954405,0.096483288,0.856198066,5121.055207,990,493844.3812,235.893829,508.8525024,201.9081278,8.745166095,508852.5024,493844.3812,0,0,0,0,1,943.5753159,0,0,2035410.01,20484.22083,807.6325114,21291.85334,0.188879599,76.1161529,656.8341002,3.127781429,167.4689603,0.373814644,109999.3238,109.9993238,110,,0.065011242,245.6480911,0.997766822,658.3032332,3.134777301,,0,0.188879599,656.8341002,0.240704143,12.0282001,0.064488549,1.108607763
Res-circuit,3457.963423,57.63272372,0,37282.26385,725.7547319,457.1999854,1500,158.3974767,155,272.6471881,147.2177206,0,0,1.247954405,0.096482916,0.856197651,5121.033297,990,493842.4716,235.8934593,508.8506376,201.9073337,,8.745134046,508850.6376,493842.4716,0,0,110,#DIV/0!,0,1.247954405,0.096482916,0.856197651,5121.033297,990,493842.4716,235.8934593,508.8506376,201.9073337,8.745134046,508850.6376,493842.4716,0,0,0,1.247954405,0.096482916,0.856197651,5121.033297,990,493842.4716,235.8934593,508.8506376,201.9073337,8.745134046,508850.6376,493842.4716,0,0,,0,1.247954405,0.096482916,0.856197651,5121.033297,990,493842.4716,235.8934593,508.8506376,201.9073337,8.745134046,508850.6376,493842.4716,0,0,0,0,1,943.5738371,0,0,2035402.551,20484.13319,807.6293347,21291.76252,0.187805312,76.1189295,656.4217859,3.125818028,167.4698458,0.37381662,109930.8553,109.9308553,110,,0.065011586,279.8807934,0.997454029,658.2997829,3.134760871,,0,0.187805312,656.4217859,0.240704143,12.0282001,0.064488271,1.108603867
Res-circuit,3517.963423,58.63272372,0,37266.54055,710.0314337,457.1999854,1500,158.3974767,155,277.5363897,149.8576786,0,0,1.247954405,0.096438553,0.856148238,5118.426609,990,493615.2818,235.8494736,508.6287701,201.8128467,,8.741320845,508628.7701,493615.2818,0,0,110,#DIV/0!,0,1.247954405,0.096438553,0.856148238,5118.426609,990,493615.2818,235.8494736,508.6287701,201.8128467,8.741320845,508628.7701,493615.2818,0,0,0,1.247954405,0.096438553,0.856148238,5118.426609,990,493615.2818,235.8494736,508.6287701,201.8128467,8.741320845,508628.7701,493615.2818,0,0,,0,1.247954405,0.096438553,0.856148238,5118.426609,990,493615.2818,235.8494736,508.6287701,201.8128467,8.741320845,508628.7701,493615.2818,0,0,0,0,1,943.3978945,0,0,2034515.08,20473.70644,807.2513867,21280.95782,0.186721317,76.12173886,656.0047487,3.123832137,167.5752908,0.374051988,109930.1865,109.9301865,110,,0.06505252,280.8239248,0.997445434,657.8891903,3.132805668,,0,0.186721317,656.0047487,0.240704143,12.0282001,0.064455277,1.108140332
Res-circuit,3577.963423,59.63272372,0,37250.82021,694.3110908,457.1999854,1500,158.3974767,155,282.4255913,152.4976365,0,0,1.247954405,0.096393845,0.856098439,5115.799612,990,493386.3219,235.8051432,508.4051636,201.7176191,,8.737477758,508405.1636,493386.3219,0,0,110,#DIV/0!,0,1.247954405,0.096393845,0.856098439,5115.799612,990,493386.3219,235.8051432,508.4051636,201.7176191,8.737477758,508405.1636,493386.3219,0,0,0,1.247954405,0.096393845,0.856098439,5115.799612,990,493386.3219,235.8051432,508.4051636,201.7176191,8.737477758,508405.1636,493386.3219,0,0,,0,1.247954405,0.096393845,0.856098439,5115.799612,990,493386.3219,235.8051432,508.4051636,201.7176191,8.737477758,508405.1636,493386.3219,0,0,0,0,1,943.2205729,0,0,2033620.654,20463.19845,806.8704765,21270.06892,0.185636633,76.12455483,655.587435,3.121844928,167.6818242,0.374289786,109930.097,109.930097,110,,0.065093876,281.4843366,0.997439424,657.4748872,3.130832796,,0,0.185636633,655.587435,0.240704143,12.0282001,0.064422026,1.107672989
Res-approach,3604.81095,60.08018249,0,37243.76671,687.2575896,368.8079882,1210,122.1300362,120,284.1100799,153.4071878,-3.003788443,-3.292370246,0.962123078,0.094301495,0.839335068,6387.664807,990,486931.6016,236.4519901,502.0971335,265.1278489,,8.629130518,502097.1335,486931.6016,0,0,110,#DIV/0!,0,0.962123078,0.094301495,0.839335068,6387.664807,990,486931.6016,236.4519901,502.0971335,265.1278489,8.629130518,502097.1335,486931.6016,0,0,0,0.962123078,0.094301495,0.839335068,6387.664807,990,486931.6016,236.4519901,502.0971335,265.1278489,8.629130518,502097.1335,486931.6016,0,0,,0,0.962123078,0.094301495,0.839335068,6387.664807,990,486931.6016,236.4519901,502.0971335,265.1278489,8.629130518,502097.1335,486931.6016,0,0,0,0,1,945.8079604,0,0,2008388.534,25550.65923,1060.511395,26611.17062,0.185150973,76.1257314,655.4000205,3.120952478,167.7885619,0.37452804,109968.6269,109.9686269,110,,0.065135311,262.8406777,0.997609858,657.0603211,3.128858672,,0,0.185150973,655.4000205,0.185404703,12.60274808,0.233096347,1.846544749
Res-approach,3631.775721,60.52959536,0,37236.6486,680.1394854,280.415991,920,121.6145684,120,285.7947848,154.3168557,-3.003403623,-3.278054688,0.957931948,0.093156572,0.838382811,6387.511601,990,485384.2424,237.5801205,500.5837234,265.4137355,,8.603107549,500583.7234,485384.2424,0,0,110,#DIV/0!,0,0.957931948,0.093156572,0.838382811,6387.511601,990,485384.2424,237.5801205,500.5837234,265.4137355,8.603107549,500583.7234,485384.2424,0,0,0,0.957931948,0.093156572,0.838382811,6387.511601,990,485384.2424,237.5801205,500.5837234,265.4137355,8.603107549,500583.7234,485384.2424,0,0,,0,0.957931948,0.093156572,0.838382811,6387.511601,990,485384.2424,237.5801205,500.5837234,265.4137355,8.603107549,500583.7234,485384.2424,0,0,0,0,1,950.320482,0,0,2002334.893,25550.04641,1061.654942,26611.70135,0.184663054,76.12691471,655.212301,3.120058576,167.8363972,0.374634815,109968.472,109.968472,110,,0.065153881,263.194994,0.997606632,656.874702,3.127974771,,0,0.184663054,655.212301,0.18443685,13.17729606,0.233044165,1.846030181
Res-approach,3658.853518,60.98089196,0,37229.46659,672.9574709,192.0239939,630,121.1022475,120,287.4794243,155.2264884,-3.003520159,-3.264371895,0.953739918,0.092019228,0.837422818,6387.319884,990,483848.6004,238.712673,499.0813073,265.7235839,,8.577275934,499081.3073,483848.6004,0,0,110,#DIV/0!,0,0.953739918,0.092019228,0.837422818,6387.319884,990,483848.6004,238.712673,499.0813073,265.7235839,8.577275934,499081.3073,483848.6004,0,0,0,0.953739918,0.092019228,0.837422818,6387.319884,990,483848.6004,238.712673,499.0813073,265.7235839,8.577275934,499081.3073,483848.6004,0,0,,0,0.953739918,0.092019228,0.837422818,6387.319884,990,483848.6004,238.712673,499.0813073,265.7235839,8.577275934,499081.3073,483848.6004,0,0,0,0,1,954.850692,0,0,1996325.229,25549.27954,1062.894336,26612.17387,0.184172949,76.12810457,655.02374,3.119160667,167.8844828,0.374742149,109968.3218,109.9683218,110,,0.065172548,263.5485438,0.997603414,656.6882192,3.127086758,,0,0.184172949,655.02374,0.183475889,13.75184404,0.232991886,1.845514514
Res-approach,3686.044632,61.4340772,0,37222.22017,665.7110513,103.6319967,340,120.5930486,120,289.1640005,156.1360869,-3.003632576,-3.25076774,0.949547002,0.090889379,0.836455181,6387.090232,990,482324.5531,239.8495897,497.5897756,266.0571814,,8.551633775,497589.7756,482324.5531,0,0,110,#DIV/0!,0,0.949547002,0.090889379,0.836455181,6387.090232,990,482324.5531,239.8495897,497.5897756,266.0571814,8.551633775,497589.7756,482324.5531,0,0,0,0.949547002,0.090889379,0.836455181,6387.090232,990,482324.5531,239.8495897,497.5897756,266.0571814,8.551633775,497589.7756,482324.5531,0,0,,0,0.949547002,0.090889379,0.836455181,6387.090232,990,482324.5531,239.8495897,497.5897756,266.0571814,8.551633775,497589.7756,482324.5531,0,0,0,0,1,959.3983589,0,0,1990359.102,25548.36093,1064.228726,26612.58966,0.183680652,76.12930102,654.8343347,3.118258737,167.9328118,0.374850026,109968.1711,109.9681711,110,,0.065191309,263.9039175,0.997600179,656.5009012,3.126194768,,0,0.183680652,654.8343347,0.182521761,14.32639202,0.232939511,1.844997751
Res-approach,3713.34936,61.889156,0,37214.90885,658.3997307,15.23999951,50,120.0869475,120,290.848516,157.0456526,-3.003740736,-3.237241481,0.945353215,0.089766939,0.835479987,6386.823084,990,480811.9705,240.9908119,496.1090111,266.4143136,,8.526179041,496109.0111,480811.9705,0,0,110,#DIV/0!,0,0.945353215,0.089766939,0.835479987,6386.823084,990,480811.9705,240.9908119,496.1090111,266.4143136,8.526179041,496109.0111,480811.9705,0,0,0,0.945353215,0.089766939,0.835479987,6386.823084,990,480811.9705,240.9908119,496.1090111,266.4143136,8.526179041,496109.0111,480811.9705,0,0,,0,0.945353215,0.089766939,0.835479987,6386.823084,990,480811.9705,240.9908119,496.1090111,266.4143136,8.526179041,496109.0111,480811.9705,0,0,0,0,1,963.9632476,0,0,1984436.045,25547.29233,1065.657254,26612.94959,0.183186155,76.1305041,654.6440824,3.117352773,167.9813851,0.374958449,109968.0197,109.9680197,180.2614584,,0.065210165,264.2611254,0.997596927,656.3127453,3.125298787,,0,0.183186155,654.6440824,0.181574403,14.90094,0.232887034,1.844479841
Res-taxi-in,3763.34936,62.72248933,0,37214.90885,658.3997307,0,0,0.833333333,0.833333333,290.848516,157.0456526,0,0,0,0,0,-0.027185517,0,0,0,0,0,,-99,15000,3612.392704,15000,17565.36461,180.2614584,0.853953239,0.15,0,0,0,-0.027185517,0,0,0,0,0,-99,15000,3612.392704,15000,17565.36461,0.15,0,0,0,-0.027185517,0,0,0,0,0,-99,15000,3612.392704,15000,17565.36461,,0.15,0,0,0,-0.027185517,0,0,0,0,0,-99,15000,3612.392704,15000,17565.36461,0.15,1,0,0,60000,70261.45844,0,-0.108742069,0,-0.108742069,0.182607122,76.13145041,654.9557198,3.118836761,107.4081753,0.239750391,70347.59874,70.34759874,180.2586544,,0.04169572,113.5114487,0.99838642,656.1237486,3.124398803,,0,0.182607122,654.9557198,0.001259804,15,0,0
Res-taxi-in,3813.34936,63.55582266,0,37214.90885,658.3997307,0,0,1.666666667,1.666666667,290.848516,157.0456526,0,0,0,0,0,-0.108742069,0,0,0,0,0,,-99,15000,3612.392704,15000,17564.6636,180.2586544,0.85398732,0.15,0,0,0,-0.108742069,0,0,0,0,0,-99,15000,3612.392704,15000,17564.6636,0.15,0,0,0,-0.108742069,0,0,0,0,0,-99,15000,3612.392704,15000,17564.6636,,0.15,0,0,0,-0.108742069,0,0,0,0,0,-99,15000,3612.392704,15000,17564.6636,0.15,1,0,0,60000,70258.6544,0,-0.434968277,0,-0.434968277,0.182027916,76.13239784,654.7334433,3.117778301,107.4403347,0.239822176,70344.78031,70.34478031,180.2558497,,0.041708204,113.6459843,0.998384443,655.9024421,3.123344963,,0,0.182027916,654.7334433,0.002519608,15,0,0
Res-taxi-in,3863.34936,64.389156,0,37214.90885,658.3997307,0,0,2.5,2.5,290.848516,157.0456526,0,0,0,0,0,-0.244669656,0,0,0,0,0,,-99,15000,3612.392704,15000,17563.96243,180.2558497,0.854021412,0.15,0,0,0,-0.244669656,0,0,0,0,0,-99,15000,3612.392704,15000,17563.96243,0.15,0,0,0,-0.244669656,0,0,0,0,0,-99,15000,3612.392704,15000,17563.96243,,0.15,0,0,0,-0.244669656,0,0,0,0,0,-99,15000,3612.392704,15000,17563.96243,0.15,1,0,0,60000,70255.84973,0,-0.978678624,0,-0.978678624,0.181448537,76.13334639,654.5110997,3.116719522,107.4725261,0.239894031,70341.96124,70.34196124,180.2530444,,0.041720701,113.7807071,0.998382463,655.6810695,3.122290807,,0,0.181448537,654.5110997,0.003779411,15,0,0
Res-taxi-in,3913.34936,65.22248933,0,37214.90885,658.3997307,0,0,3.333333333,3.333333333,290.848516,157.0456526,0,0,0,0,0,-0.434968277,0,0,0,0,0,,-99,15000,3612.392704,15000,17563.26111,180.2530444,0.854055514,0.15,0,0,0,-0.434968277,0,0,0,0,0,-99,15000,3612.392704,15000,17563.26111,0.15,0,0,0,-0.434968277,0,0,0,0,0,-99,15000,3612.392704,15000,17563.26111,,0.15,0,0,0,-0.434968277,0,0,0,0,0,-99,15000,3612.392704,15000,17563.26111,0.15,1,0,0,60000,70253.04444,0,-1.73987311,0,-1.73987311,0.180868983,76.13429606,654.288689,3.115660424,107.5047494,0.239965958,70339.14153,70.33914153,180.2502385,,0.04173321,113.9156174,0.99838048,655.4596307,3.121236336,,0,0.180868983,654.288689,0.005039215,15,0,0
Res-taxi-in,3963.34936,66.05582266,0,37214.90885,658.3997307,0,0,4.166666667,4.166666667,290.848516,157.0456526,0,0,0,0,0,-0.679637933,0,0,0,0,0,,-99,15000,3612.392704,15000,17562.55963,180.2502385,0.854089627,0.15,0,0,0,-0.679637933,0,0,0,0,0,-99,15000,3612.392704,15000,17562.55963,0.15,0,0,0,-0.679637933,0,0,0,0,0,-99,15000,3612.392704,15000,17562.55963,,0.15,0,0,0,-0.679637933,0,0,0,0,0,-99,15000,3612.392704,15000,17562.55963,0.15,1,0,0,60000,70250.23853,0,-2.718551734,0,-2.718551734,0.180289257,76.13524687,654.066211,3.114601005,107.5370046,0.240037957,70336.32117,70.33632117,180.247432,,0.041745732,114.0507158,0.998378495,655.2381255,3.12018155,,0,0.180289257,654.066211,0.006299019,15,0,0
Res-taxi-in,4013.34936,66.889156,0,37214.90885,658.3997307,0,0,5,5,290.848516,157.0456526,0,0,0,0,0,-0.978678624,0,0,0,0,0,,-99,15000,3612.392704,15000,17561.858,180.247432,0.854123749,0.15,0,0,0,-0.978678624,0,0,0,0,0,-99,15000,3612.392704,15000,17561.858,0.15,0,0,0,-0.978678624,0,0,0,0,0,-99,15000,3612.392704,15000,17561.858,,0.15,0,0,0,-0.978678624,0,0,0,0,0,-99,15000,3612.392704,15000,17561.858,0.15,1,0,0,60000,70247.43199,0,-3.914714496,0,-3.914714496,0.179709356,76.1361988,653.8436658,3.113541266,107.5692919,0.240110027,70333.50018,70.33350018,110,,0.041758266,114.1860024,0.998376506,655.0165539,3.119126447,,0,0.179709356,653.8436658,0.007558823,15,0,0
Res-45minutes-holding,4013.84936,66.89748933,0,37214.78654,658.2774207,2438.399922,8000,185.6207724,165,290.8962618,157.0714332,0,0,1.462737776,0.13135564,0.881056853,5007.659472,990,552257.6648,220.1579783,567.0541109,197.5803987,,9.74517132,567054.1109,552257.6648,0,0,110,#DIV/0!,0,1.462737776,0.13135564,0.881056853,5007.659472,990,552257.6648,220.1579783,567.0541109,197.5803987,9.74517132,567054.1109,552257.6648,0,0,0,1.462737776,0.13135564,0.881056853,5007.659472,990,552257.6648,220.1579783,567.0541109,197.5803987,9.74517132,567054.1109,552257.6648,0,0,,0,1.462737776,0.13135564,0.881056853,5007.659472,990,552257.6648,220.1579783,567.0541109,197.5803987,9.74517132,567054.1109,552257.6648,0,0,0,0,1,880.6319131,0,0,2268216.443,20030.63789,790.3215949,20820.95948,0.17970028,76.13621971,653.3024304,3.110963954,168.3742563,0.375835394,109999.3109,109.9993109,110,,0.065362677,250.9002341,0.997719074,654.7949159,3.118071028,,0,0.17970028,653.3024304,0.288666179,-0.849599493,0.055896697,0.980528221
Res-45minutes-holding,4913.34936,81.889156,0,36994.75126,438.2421385,2438.399922,8000,185.6207724,165,376.790924,203.4508457,0,0,1.462737776,0.131355205,0.881056492,5007.641452,990,552255.8318,220.157592,567.0522571,197.5794789,,9.74513947,567052.2571,552255.8318,0,0,110,#DIV/0!,0,1.462737776,0.131355205,0.881056492,5007.641452,990,552255.8318,220.157592,567.0522571,197.5794789,9.74513947,567052.2571,552255.8318,0,0,0,1.462737776,0.131355205,0.881056492,5007.641452,990,552255.8318,220.157592,567.0522571,197.5794789,9.74513947,567052.2571,552255.8318,0,0,,0,1.462737776,0.131355205,0.881056492,5007.641452,990,552255.8318,220.157592,567.0522571,197.5794789,9.74513947,567052.2571,552255.8318,0,0,0,0,1,880.630368,0,0,2268209.029,20030.56581,790.3179158,20820.88372,0.163292777,76.25373668,647.0154648,3.081026023,170.0075157,0.379481062,109997.4918,109.9974918,110,,0.065996706,783.5683559,0.992876489,654.791447,3.118054509,,0,0.163292777,647.0154648,0.288666179,-0.849599493,0.055896494,0.980524998
Res-45minutes-holding,5813.34936,96.889156,0,36775.2866,218.77748,2438.399922,8000,185.6207724,165,462.7333321,249.8560388,0,0,1.462737776,0.130574189,0.880408269,4975.320183,990,548968.0258,219.4646586,563.7269598,195.9295391,,9.688005216,563726.9598,548968.0258,0,0,110,#DIV/0!,0,1.462737776,0.130574189,0.880408269,4975.320183,990,548968.0258,219.4646586,563.7269598,195.9295391,9.688005216,563726.9598,548968.0258,0,0,0,1.462737776,0.130574189,0.880408269,4975.320183,990,548968.0258,219.4646586,563.7269598,195.9295391,9.688005216,563726.9598,548968.0258,0,0,,0,1.462737776,0.130574189,0.880408269,4975.320183,990,548968.0258,219.4646586,563.7269598,195.9295391,9.688005216,563726.9598,548968.0258,0,0,0,0,1,877.8586343,0,0,2254907.839,19901.28073,783.7181563,20684.99889,0.146718095,76.37095202,640.9092568,3.051948842,171.6271734,0.383096369,109997.4441,109.9974441,110,,0.066625455,781.1230318,0.992898717,648.5204994,3.088192854,,0,0.146718095,640.9092568,0.288666179,-0.849599493,0.055532513,0.974727569
Res-45minutes-holding,6713.34936,111.889156,0,36556.50912,4.87E-09,2438.399922,8000,185.6207724,165,548.6757401,296.2612319,0,0,1.462737776,0.129799796,0.879765542,4943.272985,990,545708.0991,218.77748,560.429279,194.2933019,,9.631345461,560429.279,545708.0991,0,0,110,#DIV/0!,0,1.462737776,0.129799796,0.879765542,4943.272985,990,545708.0991,218.77748,560.429279,194.2933019,9.631345461,560429.279,545708.0991,0,0,0,1.462737776,0.129799796,0.879765542,4943.272985,990,545708.0991,218.77748,560.429279,194.2933019,9.631345461,560429.279,545708.0991,0,0,,0,1.462737776,0.129799796,0.879765542,4943.272985,990,545708.0991,218.77748,560.429279,194.2933019,9.631345461,560429.279,545708.0991,0,0,0,0,1,875.1099198,0,0,2241717.116,19773.09194,777.1732076,20550.26515,0.13,76.47611638,635.9280028,3.028228585,172.9720887,0.386098412,109997.7949,109.9977949,,,0.06714755,700.8153357,0.993628824,642.4751199,3.059405333,,0,0.13,635.9280028,0.288666179,-0.849599493,0.055171626,0.968945174
