soc,power,ocv,line_voltage,c_rate,current,ir0
1e-06,-100,2.60711586998087,2.8578773559458037,4.864884923958625,-25.925925925925927,0.009672228744361739
1e-06,-75,2.60711586998087,2.825715546338755,3.785258993198904,-25.925925925925927,0.008431701802375569
1e-06,-50,2.60711586998087,2.7651145071543537,2.58320482727785,-18.08243379094495,0.008737686475180338
1e-06,-25,2.60711586998087,2.7017090390292355,1.321914580672922,-9.253402064710453,0.01022252879393557
1e-06,0,2.60711586998087,2.60711586998087,0.0,0.0,0.00911753976340771
1e-06,25,2.60711586998087,2.505966993163761,1.4251698371013557,9.97618885970949,0.010139029867970484
1e-06,50,2.60711586998087,2.4341506305970313,2.93443513851285,20.541045969589952,0.008420468930350733
1e-06,75,2.60711586998087,2.3023476471080544,4.653635052787868,32.57544536951507,0.009355765344593737
1e-06,100,2.60711586998087,1.8797154081645533,7.599934662270797,53.199542635895575,0.01367305855982142
0.025642,-100,2.9186791508459864,3.1329715488803855,4.4941886732895835,-25.925925925925927,0.008265563924183972
0.025642,-75,2.9186791508459864,3.097555056453431,3.458949241907295,-24.212644693351066,0.007387706211893709
0.025642,-50,2.9186791508459864,3.053119242158134,2.339527734202782,-16.376694139419474,0.008209232594052306
0.025642,-25,2.9186791508459864,2.9987305706156313,1.1909801455405062,-8.336861018783544,0.009602105587376753
0.025642,0,2.9186791508459864,2.9186791508459864,0.0,0.0,0.008267236620694255
0.025642,25,2.9186791508459864,2.834362124534493,1.2600466752338964,8.820326726637274,0.00955939943322701
0.025642,50,2.9186791508459864,2.7764271597784447,2.5726794660181684,18.00875626212718,0.007899045830649664
0.025642,75,2.9186791508459864,2.7066904744699514,3.958445125271993,27.70911587690395,0.007650503080566769
0.025642,100,2.9186791508459864,2.5048393120136376,5.7032457999192046,39.922720599434435,0.010366022971846554
0.025642,125,2.9186791508459864,2.1529627340549276,8.294218276370444,58.059527934593106,0.013188471281641766
0.051283,-100,3.0951714147948897,3.281062913791849,4.313735240222448,-25.925925925925927,0.007170100675596992
0.051283,-75,3.0951714147948897,3.2455829728648458,3.3011898952712118,-23.108329266898483,0.006508975890585611
0.051283,-50,3.0951714147948897,3.213370809935915,2.2228549287779202,-15.559984501445442,0.007596369721965038
0.051283,-25,3.0951714147948897,3.165797980346168,1.1281290194764897,-7.896903136335427,0.008943577543240978
0.051283,0,3.0951714147948897,3.0951714147948897,0.0,0.0,0.007443449320197145
0.051283,25,3.0951714147948897,3.0213929866850116,1.182047018434048,8.274329129038335,0.008916545010393255
0.051283,50,3.0951714147948897,2.9720187868753816,2.403368772229986,16.823581405609904,0.007320238476597051
0.051283,75,3.0951714147948897,2.92669019572079,3.66088823817137,25.62621766719959,0.006574564427030059
0.051283,100,3.0951714147948897,2.791242313709671,5.118048768302026,35.826341378114186,0.008483397673168068
0.051283,125,3.0951714147948897,2.479909860608389,7.200722550763201,50.405057855342406,0.012206345560642764
0.076924,-100,3.1878008508191624,3.350121322866449,4.23481428836537,-25.925925925925927,0.0062609324932524765
0.076924,-75,3.1878008508191624,3.3169173201590363,3.2301937854067453,-22.61135649784722,0.005710248712949486
0.076924,-50,3.1878008508191624,3.293356439676252,2.1688685308412334,-15.182079715888634,0.006952643566126292
0.076924,-25,3.1878008508191624,3.251590992451396,1.0983634103181132,-7.688543872226792,0.008296777997542795
0.076924,0,3.1878008508191624,3.1878008508191624,0.0,0.0,0.006666393367716416
0.076924,25,3.1878008508191624,3.1215119520910948,1.1441341972232646,8.008939380562852,0.008276863586824775
0.076924,50,3.1878008508191624,3.0789489420630085,2.3199011342069125,16.239307939448388,0.006702989386125994
0.076924,75,3.1878008508191624,3.047438234069878,3.5158335924586424,24.610835147210498,0.005703285398878224
0.076924,100,3.1878008508191624,2.9421132034828124,4.855596402206126,33.98917481544289,0.007228408711609043
0.076924,125,3.1878008508191624,2.6859842342442337,6.648267934516523,46.53787554161566,0.010782972164816338
0.076924,150,3.1878008508191624,2.4785158181628586,8.645727120860117,60.52008984602082,0.011719827820165394
0.102565,-100,3.2477647115702677,3.3895478507481536,4.191543234872479,-25.925925925925927,0.005468778225432744
0.102565,-75,3.2477647115702677,3.3592281284603804,3.1895082157448917,-22.326557510214244,0.004992413937487631
0.102565,-50,3.2477647115702677,3.342672498809246,2.136870167628335,-14.958091173398342,0.006344913006531457
0.102565,-25,3.2477647115702677,3.305937367680712,1.080307390679371,-7.562151734755597,0.007692606304510287
0.102565,0,3.2477647115702677,3.2477647115702677,0.0,0.0,0.005956281617116277
0.102565,25,3.2477647115702677,3.1875527011617875,1.1204296544263779,7.8430075809846445,0.007677158256797347
0.102565,50,3.2477647115702677,3.1506708417475986,2.267090883697383,15.869636185881681,0.0061182164912544
0.102565,75,3.2477647115702677,3.129093735944274,3.424085891454591,23.968601240182135,0.004951101419595891
0.102565,100,3.2477647115702677,3.043381223218713,4.694027214443271,32.8581905011029,0.006220168707850621
0.102565,125,3.2477647115702677,2.8259019175971654,6.319095063400714,44.233665443804995,0.009537143027611907
0.102565,150,3.2477647115702677,2.581882635699218,8.299591597341607,58.097141181391244,0.011461529127432084
0.12820600000000001,-100,3.3117616513599906,3.4351470585158927,4.141123688004141,-25.925925925925927,0.004759151418870513
0.12820600000000001,-75,3.3117616513599906,3.408141396648029,3.1437327467761245,-22.006129227432872,0.004379677329527425
0.12820600000000001,-50,3.3117616513599906,3.397504630188402,2.1023833431717955,-14.71668340220257,0.005826243351513475
0.12820600000000001,-25,3.3117616513599906,3.364895826578442,1.061378644538941,-7.429650511772587,0.007151638577650192
0.12820600000000001,0,3.3117616513599906,3.3117616513599906,0.0,0.0,0.005329811180078611
0.12820600000000001,25,3.3117616513599906,3.2569535800702596,1.0965549503937133,7.675884652755993,0.0071402937601534435
0.12820600000000001,50,3.3117616513599906,3.2245714975515054,2.2151337466949887,15.505936226864922,0.005623017696759466
0.12820600000000001,75,3.3117616513599906,3.210989119231252,3.33675553433543,23.357288740348007,0.004314393389103466
0.12820600000000001,100,3.3117616513599906,3.1422389488025364,4.546348803663826,31.824441625646784,0.005326808386822996
0.12820600000000001,125,3.3117616513599906,2.9593855247036074,6.034071163787055,42.238498146509386,0.008342534467824196
0.12820600000000001,150,3.3117616513599906,2.702842149670067,7.928162372037596,55.49713660426317,0.01097208863282413
0.153847,-100,3.3734268136467844,3.4810006544708614,4.090701185964148,-25.925925925925927,0.004149276717500104
0.153847,-75,3.3734268136467844,3.457463171267792,3.0988864330713817,-21.69220503149967,0.00387403482029498
0.153847,-50,3.3734268136467844,3.4515553358127646,2.0694604165096355,-14.486222915567447,0.0053932983512231004
0.153847,-25,3.3734268136467844,3.42223183067256,1.043596327817071,-7.305174294719497,0.00668088331048505
0.153847,0,3.3734268136467844,3.3734268136467844,0.0,0.0,0.004793228564721921
0.153847,25,3.3734268136467844,3.323227724536823,1.0746866803797956,7.52280676265857,0.006672920187068698
0.153847,50,3.3734268136467844,3.294326956114431,2.1682295770915077,15.177607039640554,0.0052116158578728545
0.153847,75,3.3734268136467844,3.2868397622237944,3.2597529813977566,22.818270869784296,0.0037946368468106707
0.153847,100,3.3734268136467844,3.231871480092382,4.4202606365108155,30.941824455575706,0.004574886453694383
0.153847,125,3.3734268136467844,3.0772534488605947,5.802948360901105,40.62063852630774,0.007291204065991598
0.153847,150,3.3734268136467844,2.8285493252091136,7.5758167756142,53.0307174292994,0.010274752348280064
0.153847,175,3.3734268136467844,2.7815871216358685,8.98767462846799,62.91372239927593,0.009407163802117154
0.179488,-100,3.424090653667371,3.5187707179912047,4.049680515479979,-25.925925925925927,0.003651945338205013
0.179488,-75,3.424090653667371,3.498449890502073,3.0625808714236227,-21.438066099965358,0.003468560852829085
0.179488,-50,3.424090653667371,3.4961264835028127,2.043077439149348,-14.301542074045434,0.005036927448975802
0.179488,-25,3.424090653667371,3.4693760408791605,1.0294152404775245,-7.205906683342671,0.006284481495780707
0.179488,0,3.424090653667371,3.424090653667371,0.0,0.0,0.004348560774746713
0.179488,25,3.424090653667371,3.3776156530849737,1.0573815786786107,7.4016710507502745,0.0062789875777695256
0.179488,50,3.424090653667371,3.3513882915368054,2.1313129131873105,14.919190392311174,0.004873076904228934
0.179488,75,3.424090653667371,3.3483094369930777,3.19990906333543,22.39936344334801,0.0033831861724980387
0.179488,100,3.424090653667371,3.3036757710071507,4.3241877459903355,30.269314221932348,0.003978117303132385
0.179488,125,3.424090653667371,3.1700530746774156,5.63307378030571,39.431516462139975,0.006442500866885727
0.179488,150,3.424090653667371,2.938249845766811,7.292971174471075,51.05079822129752,0.009516811192540288
0.179488,175,3.424090653667371,2.8500037431662912,8.771918303596875,61.40342812517813,0.009349427679033418
0.205129,-100,3.4696067877463745,3.5540294686516565,4.011658960493583,-25.925925925925927,0.0032563034063465965
0.205129,-75,3.4696067877463745,3.5365971736815585,3.0295465353019737,-21.206825747113815,0.0031589067941627863
0.205129,-50,3.4696067877463745,3.5368879916554534,2.019531622066975,-14.136721354468824,0.004759321643402861
0.205129,-25,3.4696067877463745,3.512050354061783,1.0169069948835179,-7.118348964184626,0.005962557684227032
0.205129,0,3.4696067877463745,3.4696067877463745,0.0,0.0,0.003991946132875495
0.205129,25,3.4696067877463745,3.4261248147707137,1.0424105263274213,7.296873684291949,0.0059589866642840005
0.205129,50,3.4696067877463745,3.401846188514689,2.099700206015443,14.6979014421081,0.0046102227245556245
0.205129,75,3.4696067877463745,3.4019014404836714,3.1494991556141056,22.04649408929874,0.0030710255784191457
0.205129,100,3.4696067877463745,3.3652984203507863,4.245006683307804,29.715046783154627,0.0035102878402574265
0.205129,125,3.4696067877463745,3.2480862956221332,5.497742741998956,38.484199193992694,0.0057561413973457555
0.205129,150,3.4696067877463745,3.0348654993805413,7.06079772989785,49.42558410928495,0.008795875581451434
0.205129,175,3.4696067877463745,2.916563857580144,8.571730714904474,60.00211500433132,0.009217057267503128
0.23077,-100,3.513384383117836,3.5899339864616597,3.9732156695835767,-25.925925925925927,0.002952627557547485
0.23077,-75,3.513384383117836,3.575029564793225,2.9969782123760984,-20.978847486632688,0.0029384446268875355
0.23077,-50,3.513384383117836,3.5770974821687562,1.9968304410106565,-13.977813087074596,0.004558159323924307
0.23077,-25,3.513384383117836,3.553574013243355,1.0050243946288073,-7.035170762401652,0.005712673008636293
0.23077,0,3.513384383117836,3.513384383117836,0.0,0.0,0.003717317656128246
0.23077,25,3.513384383117836,3.4722680873439273,1.028557842191413,7.199904895339891,0.005710672067421471
0.23077,50,3.513384383117836,3.4492967330635804,2.0708155011392813,14.495708507974967,0.004421146439237312
0.23077,75,3.513384383117836,3.451473858283068,3.104263904121104,21.72984732884773,0.0028491007735971384
0.23077,100,3.513384383117836,3.4212160054491285,4.175624767030422,29.229373369212954,0.0031532792887646157
0.23077,125,3.513384383117836,3.3171908608293377,5.383212364415583,37.68248655090908,0.005206490872714592
0.23077,150,3.513384383117836,3.1214905803981123,6.864852184124945,48.053965288874615,0.008155285424706758
0.23077,175,3.513384383117836,2.9822912977783327,8.382816265675936,58.67971385973155,0.009050710209818551
0.256411,-100,3.5482842770607714,3.619230488920091,3.9421929367239157,-25.925925925925927,0.0027364967431451922
0.256411,-75,3.5482842770607714,3.6062970770928544,2.970993649509,-20.796955546562998,0.0027894852158623124
0.256411,-50,3.5482842770607714,3.609482221750625,1.9789146209986885,-13.85240234699082,0.0044178578673140945
0.256411,-25,3.5482842770607714,3.586822668451439,0.9957081521876551,-6.969957065313586,0.005529215033827944
0.256411,0,3.5482842770607714,3.5482842770607714,0.0,0.0,0.0035157661195262748
0.256411,25,3.5482842770607714,3.508896099064038,1.0178211239657955,7.1247478677605685,0.005528360964879128
0.256411,50,3.5482842770607714,3.486769073214804,2.048560427396304,14.339922991774127,0.0042897862060524775
0.256411,75,3.5482842770607714,3.4902731745772453,3.069755626100373,21.48828938270261,0.002699661264345371
0.256411,100,3.5482842770607714,3.4645349045562925,4.123414737985983,28.86390316590188,0.0029015262427645435
0.256411,125,3.5482842770607714,3.3700489703801715,5.298778449242652,37.091449144698565,0.004805293694114803
0.256411,150,3.5482842770607714,3.188321310797316,6.720957312552888,47.04670118787021,0.007651183976237267
0.256411,175,3.5482842770607714,3.037677374487215,8.229972086558467,57.609804605909275,0.008863194486883946
0.256411,200,3.5482842770607714,3.0818030981211813,9.271010399349365,64.89707279544555,0.007188015712356249
0.28205199999999997,-100,3.5714465712366987,3.6387877364524437,3.9216828321400667,-25.925925925925927,0.0025974449440358855
0.28205199999999997,-75,3.5714465712366987,3.6272127071144538,2.953861981479775,-20.677033870358425,0.0026970084890995225
0.28205199999999997,-50,3.5714465712366987,3.631037669324639,1.967166907465789,-13.770168352260523,0.004327550438274608
0.28205199999999997,-25,3.5714465712366987,3.60889605784977,0.9896180200757748,-6.927326140530424,0.005406052184256473
0.28205199999999997,0,3.5714465712366987,3.5714465712366987,0.0,0.0,0.0033777580062712836
0.28205199999999997,25,3.5714465712366987,3.5331952335638928,1.0108211789434873,7.075748252604412,0.005405977757720021
0.28205199999999997,50,3.5714465712366987,3.5115678144733504,2.0340934648668894,14.238654254068225,0.004205366300417045
0.28205199999999997,75,3.5714465712366987,3.5158291952064937,3.047442045504845,21.332094318533915,0.0026072159254369536
0.28205199999999997,100,3.5714465712366987,3.4929820329205286,4.089833314650586,28.6288332025541,0.0027407522255978637
0.28205199999999997,125,3.5714465712366987,3.4047288108175753,5.24480622374586,36.713643566221016,0.004541030097391772
0.28205199999999997,150,3.5714465712366987,3.2327369462629902,6.628615870939522,46.40031109657666,0.0072997274580492615
0.28205199999999997,175,3.5714465712366987,3.077173479397292,8.124338834772685,56.87037184340879,0.008691223141645285
0.28205199999999997,200,3.5714465712366987,3.1069462675205646,9.195984130819687,64.37188891573781,0.007215887424465058
0.307693,-100,3.591066731110778,3.6563261921332084,3.9033667146189557,-25.925925925925927,0.0025171506394366105
0.307693,-75,3.591066731110778,3.6457162066288777,2.938869924873551,-20.572089474114858,0.0026564863810680612
0.307693,-50,3.591066731110778,3.6497966984932906,1.9570561685821772,-13.69939318007524,0.004287048821106267
0.307693,-25,3.591066731110778,3.6278386222879613,0.9844507827573089,-6.891155479301163,0.005336099481086266
0.307693,0,3.591066731110778,3.591066731110778,0.0,0.0,0.003293296535922378
0.307693,25,3.591066731110778,3.5535217735277067,1.0050391693204945,7.035274185243462,0.005336672970304683
0.307693,50,3.591066731110778,3.5320532637767705,2.022295987467467,14.15607191227227,0.0041687741980772726
0.307693,75,3.591066731110778,3.536654100003375,3.0294977714319034,21.206484400023324,0.002565848731972899
0.307693,100,3.591066731110778,3.515816755372076,4.063270437484003,28.442893062388023,0.0026456512554347057
0.307693,125,3.591066731110778,3.4320849723875755,5.203001382777621,36.421009679443344,0.004365111239981196
0.307693,150,3.591066731110778,3.2673323974859207,6.55843018759274,45.90901131314918,0.007051651176206742
0.307693,175,3.591066731110778,3.108961440456401,8.041270526767919,56.288893687375435,0.008564838622197046
0.307693,200,3.591066731110778,3.1273265780083346,9.13605530434386,63.95238713040701,0.007251334530434621
0.33333399999999996,-100,3.613614042150888,3.6779094939950343,3.8809473122522222,-25.925925925925927,0.002479967428274202
0.33333399999999996,-75,3.613614042150888,3.6680547227741735,2.9209721566483107,-20.446805096538174,0.0026625519422837775
0.33333399999999996,-50,3.613614042150888,3.6720728244214906,1.9451839558716983,-13.616287691101888,0.004293298114493048
0.33333399999999996,-25,3.613614042150888,3.6499917652996405,0.9784757887352062,-6.8493305211464435,0.005311135597331872
0.33333399999999996,0,3.613614042150888,3.613614042150888,0.0,0.0,0.0032525528280532828
0.33333399999999996,25,3.613614042150888,3.576480008621375,0.9985875952946416,6.990113167062491,0.005312365142311241
0.33333399999999996,50,3.613614042150888,3.5548521737084275,2.0093260686577916,14.065282480604541,0.004177795115277006
0.33333399999999996,75,3.613614042150888,3.559472664996923,3.010076694687863,21.07053686281504,0.0025695300269977213
0.33333399999999996,100,3.613614042150888,3.540275478320228,4.035198496048248,28.24638947233774,0.002596387191449088
0.33333399999999996,125,3.613614042150888,3.4604080320959425,5.160415387871737,36.12290771510216,0.004241242462076047
0.33333399999999996,150,3.613614042150888,3.301776885410133,6.490011945767699,45.43008362037389,0.006864111440924285
0.33333399999999996,175,3.613614042150888,3.1406824384864658,7.960053424582403,55.72037397207682,0.008487588469909102
0.33333399999999996,200,3.613614042150888,3.1478016732836567,9.076629196153913,63.53640437307739,0.007331424770782478
0.358975,-100,3.640431233914334,3.7045737610084926,3.853537726556189,-25.925925925925927,0.0024740689022032555
0.358975,-75,3.640431233914334,3.695334984020935,2.8994085138737296,-20.295859597116106,0.002705169980304859
0.358975,-50,3.640431233914334,3.6990538452905954,1.9309957198787424,-13.516970039151197,0.004336963920646714
0.358975,-25,3.640431233914334,3.6766166098396615,0.9713899898810271,-6.7997299291671895,0.005321590166414054
0.358975,0,3.640431233914334,3.640431233914334,0.0,0.0,0.003246081657550256
0.358975,25,3.640431233914334,3.6034983680738613,0.9911003715363285,6.9377026007542995,0.0053235008713774425
0.358975,50,3.640431233914334,3.5814678623022136,1.9943937562699805,13.960756293889863,0.004223508409635837
0.358975,75,3.640431233914334,3.5858757572422597,2.9879132573532354,20.91539280147265,0.002608388816309161
0.358975,100,3.640431233914334,3.568133711084136,4.003693651203939,28.025855558427573,0.002579672284383044
0.358975,125,3.640431233914334,3.49180220401013,5.114019011911661,35.79813308338163,0.004151865393595102
0.358975,150,3.640431233914334,3.338664723016139,6.4183058816438825,44.92814117150718,0.00671664803015646
0.358975,175,3.640431233914334,3.1746631437473174,7.874851241851891,55.123958692963235,0.008449467367924604
0.358975,200,3.640431233914334,3.1699356712261677,9.013251855794543,63.0927629905618,0.00745720333659423
0.38461599999999996,-100,3.6702051049181197,3.734749156180332,3.8229527751635364,-25.925925925925927,0.002489556262971056
0.38461599999999996,-75,3.6702051049181197,3.726002548698184,2.8755443868467396,-20.128810707927176,0.002772018903138191
0.38461599999999996,-50,3.6702051049181197,3.7292798724258276,1.9153448888808755,-13.407414222166128,0.004406126828694597
0.38461599999999996,-25,3.6702051049181197,3.7063447625401755,0.9635985857346061,-6.745190100142243,0.00535784122990003
0.38461599999999996,0,3.6702051049181197,3.6702051049181197,0.0,0.0,0.0032649177193428626
0.38461599999999996,25,3.6702051049181197,3.6333213402161073,0.9829652367649198,6.880756657354438,0.0053604227759732614
0.38461599999999996,50,3.6702051049181197,3.6107413451730372,1.9782245417290736,13.847571792103516,0.004294165117020101
0.38461599999999996,75,3.6702051049181197,3.614795399255387,2.964008894249656,20.74806225974759,0.002670596654716566
0.38461599999999996,100,3.6702051049181197,3.598357194434856,3.9700656476817415,27.79045953377219,0.002585344455925652
0.38461599999999996,125,3.6702051049181197,3.5252227283717836,5.065536061998171,35.45875243398719,0.004088761352115996
0.38461599999999996,150,3.6702051049181197,3.376950637524645,6.345538839228901,44.41877187460231,0.006602039070808963
0.38461599999999996,175,3.6702051049181197,3.2100654860277222,7.788003113586353,54.51602179510447,0.00844044748202294
0.38461599999999996,200,3.6702051049181197,3.193252879556681,8.947436876779749,62.632058137458245,0.007615145335231909
0.410257,-100,3.6984933293429294,3.763778362617911,3.7939740259941543,-25.925925925925927,0.002518136997749299
0.410257,-75,3.6984933293429294,3.7553692399403276,2.853057856557385,-19.971404995901697,0.0028478672686808866
0.410257,-50,3.6984933293429294,3.7581800034597963,1.900616025917176,-13.304312181420233,0.004486265302780602
0.410257,-25,3.6984933293429294,3.734711163300113,0.9562797269368353,-6.693958088557847,0.005410525951617738
0.410257,0,3.6984933293429294,3.6984933293429294,0.0,0.0,0.0033007836391836486
0.410257,25,3.6984933293429294,3.661530059260541,0.9753923943341409,6.827746760338987,0.0054136849798092634
0.410257,50,3.6984933293429294,3.63836861480787,1.963203264723171,13.742422853062196,0.004375117486772829
0.410257,75,3.6984933293429294,3.642034529993488,2.9418407832352114,20.59288548264648,0.002741665290035201
0.410257,100,3.6984933293429294,3.6266369662057567,3.9391078894395792,27.573755226077054,0.002605969428103754
0.410257,125,3.6984933293429294,3.5560186297057825,5.021667408592937,35.15167186015056,0.004053141489371449
0.410257,150,3.6984933293429294,3.4114436017933034,6.281379360135696,43.96965552094987,0.006528359709637887
0.410257,175,3.6984933293429294,3.241949758884939,7.71140883090017,53.97986181630119,0.008457664675238579
0.410257,200,3.6984933293429294,3.2144552371417006,8.888420109665093,62.21894076765565,0.007779593902261588
0.435898,-100,3.7236308327412426,3.789774248290984,3.7683935267657955,-25.925925925925927,0.0025512460283471736
0.435898,-75,3.7236308327412426,3.781581105397094,2.8332820097377285,-19.8329740681641,0.002921915415039682
0.435898,-50,3.7236308327412426,3.783982319503275,1.887656056436007,-13.213592395052048,0.0045673791772653325
0.435898,-25,3.7236308327412426,3.760011623981312,0.9498450878848445,-6.6489156151939115,0.0054716879180919335
0.435898,0,3.7236308327412426,3.7236308327412426,0.0,0.0,0.003346633698343393
0.435898,25,3.7236308327412426,3.686500086750505,0.9687857011761648,6.781499908233154,0.005475299932638546
0.435898,50,3.7236308327412426,3.662797308175085,1.9501098591818995,13.650769014273296,0.0044564174005545035
0.435898,75,3.7236308327412426,3.6661210512822002,2.9225128042453625,20.45758962971754,0.0028111709394884475
0.435898,100,3.7236308327412426,3.6515254941550195,3.912259221134119,27.385814547938836,0.0026329448211227244
0.435898,125,3.7236308327412426,3.5827300210789357,4.98422787987949,34.88959515915643,0.004038476543495487
0.435898,150,3.7236308327412426,3.440621929104964,6.2281098795838385,43.59676915708687,0.006491510933219563
0.435898,175,3.7236308327412426,3.268597346517574,7.6485407499444635,53.53978524961124,0.008498978546556138
0.435898,200,3.7236308327412426,3.2322691372381724,8.839433648103192,61.87603553672234,0.00794106621797797
0.461539,-100,3.7478410817450802,3.8147583357476473,3.7441373171886467,-25.925925925925927,0.0025810940829561636
0.461539,-75,3.7478410817450802,3.806747539130249,2.8145511632047104,-19.70185814243297,0.0029898934891982947
0.461539,-50,3.7478410817450802,3.8088208190060575,1.8753460670069357,-13.12742246904855,0.004645217856342574
0.461539,-25,3.7478410817450802,3.7844059532804155,0.9437223742692745,-6.606056619884922,0.005535052700770257
0.461539,0,3.7478410817450802,3.7478410817450802,0.0,0.0,0.003397001108560809
0.461539,25,3.7478410817450802,3.710521391692138,0.9625139419557047,6.737597593689933,0.005539020330910536
0.461539,50,3.7478410817450802,3.6863415292956137,1.937654741453646,13.563583190175523,0.004534167084551257
0.461539,75,3.7478410817450802,3.6893996314221584,2.9040729616367584,20.32851073145731,0.002874851537082188
0.461539,100,3.7478410817450802,3.6755414051212547,3.8866966008897434,27.206876206228205,0.0026574045500774787
0.461539,125,3.7478410817450802,3.6082408541689155,4.948988601054984,34.64292020738489,0.004029689955132771
0.461539,150,3.7478410817450802,3.4679262031380444,6.17907365190794,43.25351556335558,0.006471494281130299
0.461539,175,3.7478410817450802,3.293201674864587,7.591396600704079,53.13977620492855,0.008555538606847322
0.461539,200,3.7478410817450802,3.248781139593535,8.794507030105212,61.56154921073649,0.008106682637942907
0.48718,-100,3.771959245530401,3.8394499112817644,3.720474960469512,-25.925925925925927,0.0026032113932668677
0.48718,-75,3.771959245530401,3.831634083176977,2.796270594138267,-19.573894158967867,0.0030486952244623017
0.48718,-50,3.771959245530401,3.8334760742573963,1.8632846545783746,-13.042992582048623,0.004716465821782511
0.48718,-25,3.771959245530401,3.8086931190080304,0.9377044723305896,-6.563931306314127,0.005596322045950322
0.48718,0,3.771959245530401,3.771959245530401,0.0,0.0,0.0034479405044793446
0.48718,25,3.771959245530401,3.734466887795977,0.9563422782244494,6.694395947571146,0.005600558740184333
0.48718,50,3.771959245530401,3.7098922826019276,1.9253543226455936,13.477480258519154,0.004605234935457677
0.48718,75,3.771959245530401,3.712778114830285,2.885786702816594,20.200506919716158,0.0029296854249907
0.48718,100,3.771959245530401,3.6996705031463337,3.8613477263894667,27.029434084726265,0.002674445279078797
0.48718,125,3.771959245530401,3.6337044010690684,4.914308068617006,34.40015648031905,0.004019017894306109
0.48718,150,3.771959245530401,3.494780949822573,6.131592147330245,42.92114503131172,0.006457849516960034
0.48718,175,3.771959245530401,3.3171519125889493,7.536585799740523,52.756100598183664,0.008620942939006957
0.48718,200,3.771959245530401,3.264903515642766,8.751078993464121,61.257552954248844,0.00827744017568474
0.5128210000000001,-100,3.7949538820504456,3.8626925909749126,3.6983823975774044,-25.88867678304183,0.0026165380908474505
0.5128210000000001,-75,3.7949538820504456,3.855183641431673,2.779189452647402,-19.454326168531814,0.0030959571079183135
0.5128210000000001,-50,3.7949538820504456,3.8569030466770022,1.8519669943508767,-12.963768960456138,0.004778638435745226
0.5128210000000001,-25,3.7949538820504456,3.83183855514008,0.9320404604828182,-6.524283223379728,0.005653444497543944
0.5128210000000001,0,3.7949538820504456,3.7949538820504456,0.0,0.0,0.0034971857990070956
0.5128210000000001,25,3.7949538820504456,3.757308193853974,0.9505285132772834,6.653699592940984,0.005657858108954968
0.5128210000000001,50,3.7949538820504456,3.7324329560480805,1.9137268443851811,13.396087910696268,0.004667103293077418
0.5128210000000001,75,3.7949538820504456,3.735250185151111,2.8684251879241343,20.07897631546894,0.002973443265299263
0.5128210000000001,100,3.7949538820504456,3.7228792828804655,3.8372757213500504,26.860930049450353,0.002683250320718313
0.5128210000000001,125,3.7949538820504456,3.658030685900288,4.881627408422896,34.17139185896028,0.004006954025030578
0.5128210000000001,150,3.7949538820504456,3.5200136025082926,6.087638812901704,42.61347169031193,0.0064519568257720705
0.5128210000000001,175,3.7949538820504456,3.3392680903462955,7.486670528872509,52.40669370210756,0.008695182991210611
0.5128210000000001,200,3.7949538820504456,3.2797641581524517,8.711427771539329,60.979994400775304,0.008448503955445488
0.538462,-100,3.8160478287052735,3.883560588412256,3.6785094401101657,-25.74956608077116,0.002621898928129851
0.538462,-75,3.8160478287052735,3.8766354233792093,2.7638105068302243,-19.34667354781157,0.003131680209737632
0.538462,-50,3.8160478287052735,3.878336956131407,1.8417319649249961,-12.892123754474973,0.004831564497239065
0.538462,-25,3.8160478287052735,3.853071819969891,0.9269042307798128,-6.48832961545869,0.005706243896180413
0.538462,0,3.8160478287052735,3.8160478287052735,0.0,0.0,0.003543993196089102
0.538462,25,3.8160478287052735,3.778260952420582,0.9452572536421845,6.6168007754952916,0.0057107471672158796
0.538462,50,3.8160478287052735,3.753173713802748,1.9031512228140208,13.322058559698146,0.004719549506615455
0.538462,75,3.8160478287052735,3.7560212853991213,2.852562565589196,19.967937959124374,0.003006146324624521
0.538462,100,3.8160478287052735,3.74434423077236,3.8152780314131354,26.706946219891947,0.0026848295324572607
0.538462,125,3.8160478287052735,3.680350398156776,4.852022477557088,33.96415734289962,0.003995312740384126
0.538462,150,3.8160478287052735,3.5426889735107414,6.04867421012579,42.34071947088053,0.0064561693473945934
0.538462,175,3.8160478287052735,3.3585682502571417,7.443648047969825,52.10553633578878,0.00877986507038238
0.538462,200,3.8160478287052735,3.2926098347728967,8.677441301938908,60.742089113572355,0.008617385433577696
0.564103,-100,3.8348498279618917,3.9020448781580024,3.6610840551013877,-25.627588385709714,0.0026219810145530343
0.564103,-75,3.8348498279618917,3.895654663320248,2.750317120038047,-19.252219840266328,0.003158328538882661
0.564103,-50,3.8348498279618917,3.8974220128628385,1.8327132959385082,-12.828993071569558,0.004877404216517476
0.564103,-25,3.8348498279618917,3.87201616133076,0.9223692315894457,-6.45658462112612,0.005756345738466634
0.564103,0,3.8348498279618917,3.8348498279618917,0.0,0.0,0.0035891170194354595
0.564103,25,3.8348498279618917,3.796918628024538,0.9406123547311077,6.584286483117754,0.005760867185018501
0.564103,50,3.8348498279618917,3.7716860275884425,1.8938101131986749,13.256670792390723,0.004764680466358486
0.564103,75,3.8348498279618917,3.7746421693166994,2.8384904405985685,19.86943308418998,0.003030164896506256
0.564103,100,3.8348498279618917,3.763589112470193,3.7957688416039668,26.57038189122777,0.0026819605297139473
0.564103,125,3.8348498279618917,3.7001613341241404,4.826044392296692,33.78231074607684,0.00398695325639892
0.564103,150,3.8348498279618917,3.5622742235221216,6.015418826286877,42.10793178400814,0.00647326033104503
0.564103,175,3.8348498279618917,3.3744603838760447,7.408591939456691,51.86014357619683,0.008877519658413746
0.564103,200,3.8348498279618917,3.302959779400389,8.650250223941676,60.55175156759173,0.008784057187309813
0.589744,-100,3.851522070796853,3.9184041840766968,3.6457990586492954,-25.520593410545068,0.0026207115251563264
0.589744,-75,3.851522070796853,3.9124851005214674,2.7384860105557087,-19.169402073889962,0.0031802259397360143
0.589744,-50,3.851522070796853,3.9143672644644925,1.8247795008152645,-12.773456505706852,0.004919983376430814
0.589744,-25,3.851522070796853,3.888850306961881,0.9183764582130953,-6.428635207491667,0.005806556906748607
0.589744,0,3.851522070796853,3.851522070796853,0.0,0.0,0.0036345476343350846
0.589744,25,3.851522070796853,3.813426095900075,0.9365406544179048,6.555784580925334,0.005811047392805021
0.589744,50,3.851522070796853,3.7880823883557135,1.8856129330274791,13.199290531192354,0.004806294875563179
0.589744,75,3.851522070796853,3.791191733379797,2.826099672024257,19.7826977041698,0.0030496516865007564
0.589744,100,3.851522070796853,3.780673541767494,3.778616198381311,26.450313388669176,0.002678551591744437
0.589744,125,3.851522070796853,3.7175234751404274,4.803505069048243,33.6245354833377,0.0039851433999088985
0.589744,150,3.851522070796853,3.578841452137836,5.987572155724022,41.913005090068154,0.006505871341676525
0.589744,175,3.851522070796853,3.386945384399053,7.3812822950009735,51.66897606500682,0.008991404935396768
0.589744,200,3.851522070796853,3.3107606475278972,8.629868363562462,60.40907854493724,0.008951658199300175
0.6153850000000001,-100,3.8667689384521076,3.9334545023433964,3.6318493774882676,-25.422945642417872,0.0026230463152949845
0.6153850000000001,-75,3.8667689384521076,3.9279342286778935,2.7277151526776082,-19.09400606874326,0.0032033764944650813
0.6153850000000001,-50,3.8667689384521076,3.9299327427265336,1.817552006730151,-12.722864047111056,0.004964590051464727
0.6153850000000001,-25,3.8667689384521076,3.9042959984596335,0.9147432911945268,-6.403203038361688,0.005860670008853496
0.6153850000000001,0,3.8667689384521076,3.8667689384521076,0.0,0.0,0.0036833526859327676
0.6153850000000001,25,3.8667689384521076,3.8284696359732493,0.9328606234382907,6.530024364068034,0.005865108664770589
0.6153850000000001,50,3.8667689384521076,3.8030077886498286,1.87821259903153,13.14748819322071,0.004849682986226707
0.6153850000000001,75,3.8667689384521076,3.806269298738232,2.8149047987323037,19.704333591126126,0.0030703722830353443
0.6153850000000001,100,3.8667689384521076,3.7961868379282686,3.7631747054659135,26.342222938261393,0.0026794284100192817
0.6153850000000001,125,3.8667689384521076,3.7330579214931254,4.7835161502129795,33.484613051490854,0.003993207768397038
0.6153850000000001,150,3.8667689384521076,3.5930808093488187,5.963843443992837,41.74690410794986,0.0065558904295173895
0.6153850000000001,175,3.8667689384521076,3.3966591980624754,7.360173200261161,51.52121240182813,0.00912458613596118
0.6153850000000001,200,3.8667689384521076,3.316420243523774,8.615141168319116,60.30598817823381,0.009125937764286076
0.6410260000000001,-100,3.8823596117710704,3.9490549713448053,3.617502007283911,-25.322514050987376,0.002633836412902864
0.6410260000000001,-75,3.8823596117710704,3.9438867134888795,2.71668191625301,-19.01677341377107,0.003235412253124607
0.6410260000000001,-50,3.8823596117710704,3.945940490624863,1.810178627839885,-12.671250394879195,0.005017727285973894
0.6410260000000001,-25,3.8823596117710704,3.9201306360873236,0.9110483560295891,-6.377338492207124,0.005922693983141687
0.6410260000000001,0,3.8823596117710704,3.8823596117710704,0.0,0.0,0.0037393419228823176
0.6410260000000001,25,3.8823596117710704,3.8438099799327996,0.9291376499030292,6.503963549321204,0.005927098383307214
0.6410260000000001,50,3.8823596117710704,3.8181737702721454,1.870752242464865,13.095265697254055,0.004901453928680809
0.6410260000000001,75,3.8823596117710704,3.821527059564107,2.8036660600037258,19.62566242002608,0.0030996432581500708
0.6410260000000001,100,3.8823596117710704,3.811817218428997,3.7477437838958148,26.234206487270704,0.002688947095705054
0.6410260000000001,125,3.8823596117710704,3.7486141879304045,4.763665173823001,33.34565621676101,0.0040108799470390775
0.6410260000000001,150,3.8823596117710704,3.60716477870725,5.9405579570587514,41.58390569941126,0.006617820727400238
0.6410260000000001,175,3.8823596117710704,3.4059015916243602,7.340200333878954,51.38140233715268,0.009272966452342123
0.6410260000000001,200,3.8823596117710704,3.3215426720142074,8.601855039273861,60.212985274917024,0.009313886982954206
0.666667,-100,3.900707019568485,3.9676945862308344,3.6005075429168145,-25.2035528004177,0.0026578620559097915
0.666667,-75,3.900707019568485,3.962877831649126,2.703662885773867,-18.92564020041707,0.0032850044395999313
0.666667,-50,3.900707019568485,3.9648529137938127,1.8015440416482966,-12.610808291538076,0.0050865807125439946
0.666667,-25,3.900707019568485,3.9387690584177637,0.9067372365475119,-6.3471606558325835,0.005996703236793361
0.666667,0,3.900707019568485,3.900707019568485,0.0,0.0,0.003806867325535094
0.666667,25,3.900707019568485,3.861858267737003,0.924795350794008,6.473567455558056,0.006001134938066916
0.666667,50,3.900707019568485,3.835938340154523,1.862088623293514,13.034620363054598,0.004968973212103921
0.666667,75,3.900707019568485,3.839254025477831,2.7907207085502024,19.535044959851415,0.003145782065869478
0.666667,100,3.900707019568485,3.829918389623728,3.7300309908477645,26.11021693593435,0.002711146756016936
0.666667,125,3.900707019568485,3.7667963779907336,4.740671134091975,33.18469793864382,0.004035312957355916
0.666667,150,3.900707019568485,3.6242152093181055,5.912610093759641,41.38827065631749,0.006680438826408813
0.666667,175,3.900707019568485,3.418114788187977,7.31397321306845,51.19781249147915,0.00942603224426485
0.666667,200,3.900707019568485,3.3285316157604683,8.583793657282378,60.086555600976645,0.009522519606677488
0.692308,-100,3.9222237115085026,3.989882873164274,3.580484625701461,-25.063392379910226,0.0026995213030301564
0.692308,-75,3.9222237115085026,3.9854121642537264,2.688375824810578,-18.818630773674045,0.0033577603761491526
0.692308,-50,3.9222237115085026,3.987125817924787,1.7914802464334634,-12.540361725034243,0.005175457282601393
0.692308,-25,3.9222237115085026,3.9606378424601028,0.9017306589208954,-6.312114612446268,0.00608577842928497
0.692308,0,3.9222237115085026,3.9222237115085026,0.0,0.0,0.003890268898882207
0.692308,25,3.9222237115085026,3.883012473691614,0.9197571719446963,6.438300203612874,0.006090309022074714
0.692308,50,3.9222237115085026,3.8566672428070614,1.8520802270870127,12.964561589609088,0.005056589707899071
0.692308,75,3.9222237115085026,3.85976783729483,2.77588864562252,19.43122051935764,0.003214202327200863
0.692308,100,3.9222237115085026,3.8508071235338805,3.7097974080312563,25.968581856218794,0.0027501150571115937
0.692308,125,3.9222237115085026,3.788025995970308,4.714102510420789,32.99871757294552,0.004066755480468075
0.692308,150,3.9222237115085026,3.6449570896181194,5.878963977273181,41.15274784091227,0.0067374995944921275
0.692308,175,3.9222237115085026,3.4344659104095348,7.279152174498926,50.954065221492485,0.009572500230918397
0.692308,200,3.9222237115085026,3.3382456185134552,8.558815568565512,59.91170897995859,0.009747311551242803
0.7179490000000001,-100,3.9460944778669824,4.0149145259482,3.5581614984295196,-24.907130489006637,0.002763066107177338
0.7179490000000001,-75,3.9460944778669824,4.01074396041983,2.6713960851203624,-18.699772595842536,0.00345723362257468
0.7179490000000001,-50,3.9460944778669824,4.011980451146099,1.7803818412965147,-12.462672889075602,0.00528666473601097
0.7179490000000001,-25,3.9460944778669824,3.9849419137437936,0.8962310238728876,-6.2736171671102126,0.006192191018679111
0.7179490000000001,0,3.9460944778669824,3.9460944778669824,0.0,0.0,0.003993838973582176
0.7179490000000001,25,3.9460944778669824,3.90643634186974,0.9142421017205614,6.39969471204393,0.006196879348417597
0.7179490000000001,50,3.9460944778669824,3.8795063813544575,1.8411767994987425,12.888237596491198,0.005166578906851754
0.7179490000000001,75,3.9460944778669824,3.88217974074856,2.759863383404236,19.31904368382965,0.003308379967685471
0.7179490000000001,100,3.9460944778669824,3.87354969987682,3.688016262233208,25.816113835632457,0.002810058030114237
0.7179490000000001,125,3.9460944778669824,3.8113735326385836,4.685225078104719,32.79657554673303,0.0041077747594845644
0.7179490000000001,150,3.9460944778669824,3.668603474753394,5.841070471649125,40.88749330154388,0.006786696388235431
0.7179490000000001,175,3.9460944778669824,3.454669969277017,7.236581271823174,50.656068902762215,0.00970119709709983
0.7179490000000001,200,3.9460944778669824,3.3506190723969036,8.527208839347313,59.6904618754312,0.009976056253556631
0.7435900000000001,-100,3.972876114391045,4.043446208877646,3.5330541196143606,-24.731378837300525,0.002853463810119851
0.7435900000000001,-75,3.972876114391045,4.03950231187772,2.652377666125232,-18.566643662876622,0.0035884890503872775
0.7435900000000001,-50,3.972876114391045,4.039987872197453,1.7680392537841834,-12.376274776489284,0.005422613752394844
0.7435900000000001,-25,3.972876114391045,4.012235651430548,0.8901342996030575,-6.230940097221402,0.006316789509347848
0.7435900000000001,0,3.972876114391045,3.972876114391045,0.0,0.0,0.004121558256689025
0.7435900000000001,25,3.972876114391045,3.932689282705174,0.9081390149826196,6.356973104878337,0.006321692891076064
0.7435900000000001,50,3.972876114391045,3.9049945455473027,1.829159313679924,12.804115195759469,0.0053015431215601505
0.7435900000000001,75,3.972876114391045,3.9069676011154524,2.742353356405296,19.196473494837072,0.0034333656800723837
0.7435900000000001,100,3.972876114391045,3.8986041503718476,3.6643151586322804,25.650206110425962,0.002895569871815113
0.7435900000000001,125,3.972876114391045,3.8373989551607703,4.653449658427485,32.5741476089924,0.004159039274227236
0.7435900000000001,150,3.972876114391045,3.696053473185845,5.797689774791294,40.58382842353906,0.006821008563219713
0.7435900000000001,175,3.972876114391045,3.480290303294871,7.183308810857509,50.283161676002564,0.009796237839420878
0.7435900000000001,200,3.972876114391045,3.3669963410584987,8.485731992938977,59.400123950572834,0.010199974899660178
0.769231,-100,4.003316858600892,4.076338507382925,3.50454562589454,-24.53181938126178,0.002976609588027948
0.769231,-75,4.003316858600892,4.072501449565642,2.630885672349707,-18.41619970644795,0.0037567246265540442
0.769231,-50,4.003316858600892,4.071897953397101,1.7541837306846044,-12.279286114792232,0.005585104390848337
0.769231,-25,4.003316858600892,4.043257343948955,0.883304788099497,-6.183133516696479,0.00645958642817776
0.769231,0,4.003316858600892,4.003316858600892,0.0,0.0,0.004277247317755688
0.769231,25,4.003316858600892,3.9625300577757727,0.9013000581333823,6.309100406933676,0.006464756969201911
0.769231,50,4.003316858600892,3.933874254446584,1.8157309260160912,12.710116482112639,0.005463569452887118
0.769231,75,4.003316858600892,3.9348037583869524,2.7229530040598497,19.06067102841895,0.003594474722940656
0.769231,100,4.003316858600892,3.9266058607917027,3.6381839156206874,25.467287409344813,0.003012138535847403
0.769231,125,4.003316858600892,3.866819574597762,4.618043979722127,32.32630785805489,0.004222482957301847
0.769231,150,4.003316858600892,3.7283312352859963,5.747496688535956,40.232476819751696,0.006834916591063419
0.769231,175,4.003316858600892,3.5130779022022676,7.116266902116825,49.813868314817775,0.009841415111558319
0.769231,200,4.003316858600892,3.389076680578567,8.430446184696828,59.0131232928778,0.010408535318049434
0.794872,-100,4.032666301036869,4.109091441573295,3.476611433169905,-24.336280032189336,0.0031403789089925996
0.794872,-75,4.032666301036869,4.105036483164858,2.6100342245984938,-18.270239572189457,0.003961096505715708
0.794872,-50,4.032666301036869,4.102995371833202,1.7408884230999624,-12.186218961699737,0.005771197039653665
0.794872,-25,4.032666301036869,4.073300219708807,0.8767899194240857,-6.1375294359686,0.006620565994161385
0.794872,0,4.032666301036869,4.032666301036869,0.0,0.0,0.0044649289210216886
0.794872,25,4.032666301036869,3.9911622070649626,0.8948342327722492,6.263839629405744,0.006625982851965866
0.794872,50,4.032666301036869,3.9613587130573067,1.8031331319006974,12.621931923304881,0.005649498698998803
0.794872,75,4.032666301036869,3.9608777899313217,2.705028097943782,18.935196685606474,0.0037912735894693505
0.794872,100,4.032666301036869,3.9524952782651943,3.6143532831706398,25.300472982194478,0.0031687558895873652
0.794872,125,4.032666301036869,3.894124306325395,4.585663284589222,32.09964299212455,0.00431599799242205
0.794872,150,4.032666301036869,3.7592247841346857,5.7002633944657655,39.90184376126036,0.006852854182333817
0.794872,175,4.032666301036869,3.5467796727519145,7.048647592085335,49.340533144597345,0.009847616094074524
0.794872,200,4.032666301036869,3.412966066049295,8.371436462742695,58.600055239198866,0.010575079365676823
0.794872,225,4.032666301036869,3.4685709519135908,9.266887599668129,64.86821319767691,0.008696021075904708
0.820513,-100,4.054239414807349,4.134615384615385,3.454570793595437,-24.181995555168058,0.003352436255191366
0.820513,-75,4.054239414807349,4.130477410020195,2.5939581919256476,-18.157707343479533,0.004198657560158448
0.820513,-50,4.054239414807349,4.1266556964187595,1.7309069785143287,-12.116348849600302,0.005976741220503825
0.820513,-25,4.054239414807349,4.095745038501905,0.8719850815554855,-6.103895570888398,0.006799858092676202
0.820513,0,4.054239414807349,4.054239414807349,0.0,0.0,0.004688781835650612
0.820513,25,4.054239414807349,4.011831044075148,0.8902240727966401,6.231568509576481,0.006805408729283694
0.820513,50,4.054239414807349,3.980699873354629,1.7943721883352381,12.560605318346667,0.005854776866948012
0.820513,75,4.054239414807349,3.978431892393268,2.693092656624672,18.851648596372705,0.004021267531406637
0.820513,100,4.054239414807349,3.969216949807407,3.5991265950850724,25.193886165595508,0.0033747260919217864
0.820513,125,4.054239414807349,3.9116687115417346,4.565095915319649,31.955671407237542,0.0044615148731728446
0.820513,150,4.054239414807349,3.7801095713792767,5.668769918950425,39.68138943265298,0.006908272299621069
0.820513,175,4.054239414807349,3.5721153551207148,6.998654162767137,48.990579139369956,0.009841158609598647
0.820513,200,4.054239414807349,3.4321428257671354,8.324661886715752,58.272633207010266,0.010675621725042883
0.820513,225,4.054239414807349,3.4792089735861085,9.238553184612732,64.66987229228913,0.008891782538587202
0.8461540000000001,-100,4.067993989738147,4.134615384615385,3.438102419104547,-24.06671693373183,0.003620019532372297
0.8461540000000001,-75,4.067993989738147,4.134615384615385,2.5824514093738626,-18.077159865617038,0.0044745875505000175
0.8461540000000001,-50,4.067993989738147,4.134615384615385,1.7241326558824073,-12.068928591176851,0.0062040162081457035
0.8461540000000001,-25,4.067993989738147,4.110557600868352,0.8688428476647854,-6.081899933653498,0.006998407010066802
0.8461540000000001,0,4.067993989738147,4.067993989738147,0.0,0.0,0.0049533602264138195
0.8461540000000001,25,4.067993989738147,4.024485550045945,0.8874248713323837,6.211974099326686,0.007003963473852424
0.8461540000000001,50,4.067993989738147,3.991814028723013,1.78937623132262,12.52563361925834,0.00608192474175567
0.8461540000000001,75,4.067993989738147,3.987300847935451,2.6871024090979674,18.80971686368577,0.004289971103099545
0.8461540000000001,100,4.067993989738147,3.976523583484627,3.5925134066967424,25.147593846877196,0.0036373422765804213
0.8461540000000001,125,4.067993989738147,3.919163370191514,4.556366032853144,31.89456222997201,0.004666332099920573
0.8461540000000001,150,4.067993989738147,3.7907041912920123,5.652926302663511,39.57048411864458,0.00700749067448186
0.8461540000000001,175,4.067993989738147,3.588624892666192,6.9664567202581305,48.765197041806914,0.009830147854441912
0.8461540000000001,200,4.067993989738147,3.446119699435256,8.290898478108815,58.036289346761706,0.010715266211925562
0.8461540000000001,225,4.067993989738147,3.4856142390519826,9.221576152270757,64.5510330658953,0.009022005117898833
0.8717950000000001,-100,4.076858932141213,4.134615384615385,3.424549252264064,-23.97184476584845,0.00395053188542649
0.8717950000000001,-75,4.076858932141213,4.134615384615385,2.5735172607410504,-18.014620825187354,0.00479754927616692
0.8717950000000001,-50,4.076858932141213,4.134615384615385,1.7192725759814877,-12.034908031870414,0.006458050798233011
0.8717950000000001,-25,4.076858932141213,4.120648633762356,0.8667151433796649,-6.067006003657655,0.0072176789663208835
0.8717950000000001,0,4.076858932141213,4.076858932141213,0.0,0.0,0.005263285353367345
0.8717950000000001,25,4.076858932141213,4.0320734874886455,0.8857548312327558,6.20028381862929,0.0072231281603602265
0.8717950000000001,50,4.076858932141213,3.9976046205010274,1.7867842923300188,12.507490046310132,0.006336548048148652
0.8717950000000001,75,4.076858932141213,3.9902757859806113,2.6850990480229844,18.79569333616089,0.004606541754648913
0.8717950000000001,100,4.076858932141213,3.977207215082377,3.5918958990972287,25.143271293680602,0.00396335528081748
0.8717950000000001,125,4.076858932141213,3.9195790523902896,4.555882817633945,31.891179723437617,0.004931767376273456
0.8717950000000001,150,4.076858932141213,3.7943859605479178,5.647441154214341,39.53208807950038,0.007145409850985664
0.8717950000000001,175,4.076858932141213,3.5998560619566,6.94472211380917,48.61305479666419,0.009812238136027294
0.8717950000000001,200,4.076858932141213,3.4574331592398897,8.26376888735282,57.84638221146974,0.010708116034584157
0.8717950000000001,225,4.076858932141213,3.4893845732022766,9.211612096215296,64.48128467350708,0.009110773178815205
0.897436,-100,4.083672151690497,4.134615384615385,3.4114752442507674,-23.880326709755373,0.004349825215644794
0.897436,-75,4.083672151690497,4.134615384615385,2.5653130840747047,-17.95719158852293,0.005174945763745641
0.897436,-50,4.083672151690497,4.134615384615385,1.7151193579649946,-12.005835505754963,0.006744160580574165
0.897436,-25,4.083672151690497,4.128844011363326,0.8649947931186951,-6.054963551830865,0.007460302491692266
0.897436,0,4.083672151690497,4.083672151690497,0.0,0.0,0.005622543457415248
0.897436,25,4.083672151690497,4.03744521540978,0.8845763548189964,6.192034483732975,0.007465548908385298
0.897436,50,4.083672151690497,4.000884087999971,1.7853196907856002,12.4972378354992,0.006624508933915047
0.897436,75,4.083672151690497,3.990082805813874,2.6852289127118207,18.796602388982745,0.004979056530529056
0.897436,100,4.083672151690497,3.9740120371428223,3.59478384871356,25.16348694099492,0.004357906152069175
0.897436,125,4.083672151690497,3.9158288096294482,4.560246048864601,31.921722342052206,0.005257966354777151
0.897436,150,4.083672151690497,3.794398004241933,5.647423228827193,39.53196260179035,0.007317474985050764
0.897436,175,4.083672151690497,3.609131456798793,6.926874318447342,48.4881202291314,0.009786741425513171
0.897436,200,4.083672151690497,3.4685640942139386,8.237249707765182,57.660747954356275,0.01066770861112436
0.897436,225,4.083672151690497,3.492105289186134,9.20443528503928,64.43104699527495,0.009181394530927693
0.923077,-100,4.091702217757163,4.134615384615385,3.3962498333077105,-23.773748833153974,0.0048211994369285445
0.923077,-75,4.091702217757163,4.134615384615385,2.5558254569492918,-17.89077819864504,0.0056119203897969224
0.923077,-50,4.091702217757163,4.134615384615385,1.7103289758076488,-11.972302830653542,0.0070666246325831955
0.923077,-25,4.091702217757163,4.134615384615385,0.8629995243385308,-6.040996670369715,0.007728484207732005
0.923077,0,4.091702217757163,4.091702217757163,0.0,0.0,0.006033335836965687
0.923077,25,4.091702217757163,4.043892752285015,0.8831659962818061,6.182161973972643,0.007733454036537625
0.923077,50,4.091702217757163,4.004925489564776,1.7835181107535105,12.484626775274574,0.0069506866127745145
0.923077,75,4.091702217757163,3.989941455454823,2.6853240414437005,18.797268290105904,0.005413593120650547
0.923077,100,4.091702217757163,3.970212480528974,3.5982241141438664,25.187568799007064,0.004823400709995427
0.923077,125,4.091702217757163,3.9113848981639077,4.5654271625186755,31.957990137630727,0.0056423235258756315
0.923077,150,4.091702217757163,3.7945279467528183,5.64722983445385,39.53060884117695,0.007517573842545882
0.923077,175,4.091702217757163,3.6202610696173485,6.905579326808722,48.339055287661054,0.009752800201293009
0.923077,200,4.091702217757163,3.482599040331024,8.204053421180761,57.42837394826533,0.01060631070583425
0.923077,225,4.091702217757163,3.495880627039001,9.194495056337788,64.36146539436452,0.00925742736072526
0.9487180000000001,-100,4.106768017979938,4.134615384615385,3.3745947697220613,-23.622163388054428,0.005357024210221947
0.9487180000000001,-75,4.106768017979938,4.134615384615385,2.5417055089552947,-17.79193856268706,0.006105250172299062
0.9487180000000001,-50,4.106768017979938,4.134615384615385,1.7026051268146094,-11.918235887702266,0.007424230885141385
0.9487180000000001,-25,4.106768017979938,4.134615384615385,0.8595453330276026,-6.016817331193218,0.008019620078204408
0.9487180000000001,0,4.106768017979938,4.106768017979938,0.0,0.0,0.006489546666048628
0.9487180000000001,25,4.106768017979938,4.057324823562315,0.880242210504821,6.161695473533747,0.008024284002673646
0.9487180000000001,50,4.106768017979938,4.0156929872781255,1.7787358658856607,12.451151061199624,0.007314587242108229
0.9487180000000001,75,4.106768017979938,3.9958774043378837,2.6813349435231415,18.769344604661992,0.0059080706320726335
0.9487180000000001,100,4.106768017979938,3.972063308958945,3.596547480371978,25.175832362603845,0.0053505563224627755
0.9487180000000001,125,4.106768017979938,3.9128987283406875,4.563660880821055,31.94562616574738,0.006068727175149894
0.9487180000000001,150,4.106768017979938,3.8019113650642526,5.636262756012273,39.45383929208591,0.007726919822903954
0.9487180000000001,175,4.106768017979938,3.640457815634985,6.867268147602305,48.070877033216135,0.009700472117925804
0.9487180000000001,200,4.106768017979938,3.505926014992582,8.149467059272503,57.04626941490752,0.010532538045868114
0.9487180000000001,225,4.106768017979938,3.505529291287951,9.169188008994691,64.18431606296284,0.009367377633224143
0.9743590000000001,-100,4.135546759843622,4.134615384615385,3.3419578344572294,-23.393704841200606,0.005946364574586179
0.9743590000000001,-75,4.135546759843622,4.134615384615385,2.5193667049724158,-17.63556693480691,0.0066469467033011785
0.9743590000000001,-50,4.135546759843622,4.134615384615385,1.6894422295662805,-11.826095606963964,0.0078124959481596585
0.9743590000000001,-25,4.135546759843622,4.134615384615385,0.8533264011841447,-5.973284808289013,0.008329604006150624
0.9743590000000001,0,4.135546759843622,4.135546759843622,0.0,0.0,0.006982261243891592
0.9743590000000001,25,4.135546759843622,4.084537525218602,0.8743777109104734,6.120643976373314,0.008333965318343104
0.9743590000000001,50,4.135546759843622,4.040100329568187,1.7679900398960078,12.375930279272055,0.007712263088237901
0.9743590000000001,75,4.135546759843622,4.014953011430661,2.668595543654408,18.680168805580855,0.006455709778004389
0.9743590000000001,100,4.135546759843622,3.986881555275181,3.583180008649203,25.08226006054442,0.00592710562005131
0.9743590000000001,125,4.135546759843622,3.9280101551757873,4.546104045482972,31.822728318380804,0.0065216471256476765
0.9743590000000001,150,4.135546759843622,3.8244317697673855,5.603073271686261,39.22151290180383,0.007932253680656165
0.9743590000000001,175,4.135546759843622,3.677507912588127,6.798081906071465,47.58657334250025,0.009625379914599028
0.9743590000000001,200,4.135546759843622,3.546360332268712,8.056549784705767,56.39584849294037,0.01044733687531388
0.9743590000000001,225,4.135546759843622,3.5278109104849484,9.111275507234776,63.778928550643435,0.009528787378046077
1.0,-100,4.18471629757626,4.134615384615385,3.2943555710401857,-23.0604889972813,0.006578576453373831
1.0,-75,4.18471629757626,4.134615384615385,2.485655145903004,-17.399586021321028,0.0072260962700230694
1.0,-50,4.18471629757626,4.134615384615385,1.6685865815437053,-11.680106070805937,0.00822481783356327
1.0,-25,4.18471629757626,4.134615384615385,0.8431540987859473,-5.902078691501631,0.008654489816993502
1.0,0,4.18471629757626,4.18471629757626,0.0,0.0,0.0075025627607724285
1.0,25,4.18471629757626,4.132333378863741,0.8642643862414126,6.049850703689888,0.008658547339122018
1.0,50,4.18471629757626,4.085120627536426,1.7485058078112867,12.239540654679008,0.008137206521860778
1.0,75,4.18471629757626,4.054361600112891,2.642656667325229,18.4985966712766,0.007046734397197562
1.0,100,4.18471629757626,4.022050902417391,3.551848206875769,24.862937448130385,0.006542484993908127
1.0,125,4.18471629757626,3.9641947386041663,4.504607879942478,31.532255159597348,0.0069935232306077184
1.0,150,4.18471629757626,3.869384251690558,5.537979697728173,38.76585788409721,0.008134272349356679
1.0,175,4.18471629757626,3.738358826502449,6.687426531334235,46.811985719339646,0.009535110810080542
1.0,200,4.18471629757626,3.6119889247015435,7.9101650550574165,55.37115538540191,0.010343424638484446
1.0,225,4.18471629757626,3.5714494397110776,8.99994741223536,62.99963188564751,0.00973445144851547
1.0,250,4.18471629757626,3.633599739472918,9.82889923904121,68.80229467328847,0.008010147927774073
