table,data_type,weight_lbm,OAT_C,FL,altitude_ft,KIAS,KTAS,TRQ_percent,fuel_flow_lbph,time_min,dist_NM,fuel_lb,RPM,unit_shaft_power_kW,unit_thrust_N
Table_2c,ISC,42000,15.0,0,0,239,239,39.5,2311,,,,850,1244.8,7399.5
Table_2c,ISC,42000,11.0,20,2000,236,243,39.2,2219,,,,850,1235.3,7192.6
Table_2c,ISC,42000,7.1,40,4000,234,247,39.4,2143,,,,850,1241.6,7092.3
Table_2c,ISC,42000,3.1,60,6000,232,253,39.8,2080,,,,850,1254.2,6953.1
Table_2c,ISC,42000,-0.8,80,8000,230,258,40.0,2024,,,,850,1260.6,6830.8
Table_2c,ISC,42000,-4.8,100,10000,246,284,48.7,2207,,,,850,1534.7,7396.4
Table_2c,ISC,42000,-8.8,120,12000,243,290,48.8,2136,,,,850,1537.9,7211.2
Table_2c,ISC,42000,-12.7,140,14000,241,295,48.8,2069,,,,850,1537.9,7065.7
Table_2c,ISC,42000,-16.7,160,16000,239,302,49.4,2024,,,,850,1556.8,6946.9
Table_2c,ISC,42000,-20.7,180,18000,235,307,49.0,1965,,,,850,1544.2,6752.6
Table_2c,ISC,42000,-24.6,200,20000,232,312,48.5,1911,,,,850,1528.4,6555.8
Table_2c,ISC,42000,-28.6,220,22000,226,314,47.1,1832,,,,850,1484.3,6309.0
Table_2c,ISC,42000,-32.5,240,24000,219,315,45.3,1742,,,,850,1427.6,6043.8
Table_2c,ISC,42000,-34.5,250,25000,215,315,44.0,1686,,,,850,1386.6,5869.9
Table_2c,ISC,46000,15.0,0,0,240,240,40.4,2339,,,,850,1273.1,7518.9
Table_2c,ISC,46000,11.0,20,2000,237,244,40.4,2253,,,,850,1273.1,7370.5
Table_2c,ISC,46000,7.1,40,4000,236,249,40.9,2184,,,,850,1288.9,7284.1
Table_2c,ISC,46000,3.1,60,6000,234,255,41.2,2123,,,,850,1298.3,7113.8
Table_2c,ISC,46000,-0.8,80,8000,232,260,41.4,2066,,,,850,1304.6,6995.0
Table_2c,ISC,46000,-4.8,100,10000,247,285,49.9,2238,,,,850,1572.5,7547.6
Table_2c,ISC,46000,-8.8,120,12000,244,291,49.7,2163,,,,850,1566.2,7313.6
Table_2c,ISC,46000,-12.7,140,14000,243,298,50.7,2118,,,,850,1597.7,7236.0
Table_2c,ISC,46000,-16.7,160,16000,243,308,52.3,2109,,,,850,1648.1,7169.5
Table_2c,ISC,46000,-20.7,180,18000,239,312,51.7,2048,,,,850,1629.2,6988.3
Table_2c,ISC,46000,-24.6,200,20000,234,315,50.6,1973,,,,850,1594.5,6760.9
Table_2c,ISC,46000,-28.6,220,22000,228,317,49.0,1888,,,,850,1544.2,6495.5
Table_2c,ISC,46000,-32.5,240,24000,220,316,46.5,1778,,,,850,1465.4,6179.4
Table_2c,ISC,46000,-34.5,250,25000,215,315,45.2,1721,,,,850,1424.5,6030.7
Table_2c,ISC,50000,15.0,0,0,241,242,41.7,2379,,,,850,1314.0,7678.7
Table_2c,ISC,50000,11.0,20,2000,239,246,41.9,2294,,,,850,1320.4,7565.9
Table_2c,ISC,50000,7.1,40,4000,238,252,42.6,2235,,,,850,1342.4,7472.1
Table_2c,ISC,50000,3.1,60,6000,236,257,42.7,2170,,,,850,1345.6,7306.8
Table_2c,ISC,50000,-0.8,80,8000,232,261,42.6,2099,,,,850,1342.4,7156.1
Table_2c,ISC,50000,-4.8,100,10000,248,287,51.1,2272,,,,850,1610.3,7661.2
Table_2c,ISC,50000,-8.8,120,12000,247,294,51.9,2218,,,,850,1635.5,7528.5
Table_2c,ISC,50000,-12.7,140,14000,247,303,53.6,2198,,,,850,1689.0,7477.4
Table_2c,ISC,50000,-16.7,160,16000,247,312,55.1,2193,,,,850,1736.3,7427.4
Table_2c,ISC,50000,-20.7,180,18000,242,315,54.0,2118,,,,850,1701.6,7210.8
Table_2c,ISC,50000,-24.6,200,20000,236,318,52.7,2040,,,,850,1660.7,6959.7
Table_2c,ISC,50000,-28.6,220,22000,228,317,50.2,1925,,,,850,1582.0,6654.0
Table_2c,ISC,50000,-32.5,240,24000,220,316,48.0,1823,,,,850,1512.6,6376.8
Table_2c,ISC,50000,-34.5,250,25000,216,316,46.8,1769,,,,850,1474.8,6221.3
Table_2c,ISC,54000,15.0,0,0,243,243,43.2,2421,,,,850,1361.3,7919.5
Table_2c,ISC,54000,11.0,20,2000,242,249,43.7,2346,,,,850,1377.1,7783.7
Table_2c,ISC,54000,7.1,40,4000,240,254,44.2,2284,,,,850,1392.9,7671.3
Table_2c,ISC,54000,3.1,60,6000,237,258,44.6,2212,,,,850,1405.5,7583.8
Table_2c,ISC,54000,-0.8,80,8000,234,263,44.2,2146,,,,850,1392.9,7351.9
Table_2c,ISC,54000,-4.8,100,10000,250,289,52.9,2319,,,,850,1667.0,7852.7
Table_2c,ISC,54000,-8.8,120,12000,250,298,54.6,2289,,,,850,1720.5,7786.7
Table_2c,ISC,54000,-12.7,140,14000,250,307,56.3,2279,,,,850,1774.1,7719.4
Table_2c,ISC,54000,-16.7,160,16000,249,315,57.5,2266,,,,850,1811.9,7662.9
Table_2c,ISC,54000,-20.7,180,18000,244,318,56.2,2186,,,,850,1771.0,7417.7
Table_2c,ISC,54000,-24.6,200,20000,236,318,53.9,2073,,,,850,1698.5,7113.1
Table_2c,ISC,54000,-28.6,220,22000,228,317,51.3,1958,,,,850,1616.7,6799.5
Table_2c,ISC,54000,-32.5,240,24000,220,317,49.1,1864,,,,850,1547.3,6505.5
Table_2c,ISC,54000,-34.5,250,25000,216,316,48.3,1816,,,,850,1522.1,6420.3
Table_2c,ISC,58000,15.0,0,0,245,245,44.7,2462,,,,850,1408.6,8118.4
Table_2c,ISC,58000,11.0,20,2000,245,252,45.7,2403,,,,850,1440.1,8037.7
Table_2c,ISC,58000,7.1,40,4000,242,256,45.7,2329,,,,850,1440.1,7881.3
Table_2c,ISC,58000,3.1,60,6000,238,259,45.5,2252,,,,850,1433.8,7719.0
Table_2c,ISC,58000,-0.8,80,8000,236,265,45.8,2194,,,,850,1443.2,7549.5
Table_2c,ISC,58000,-4.8,100,10000,253,293,55.5,2384,,,,850,1748.9,8085.4
Table_2c,ISC,58000,-8.8,120,12000,254,302,57.2,2362,,,,850,1802.4,8007.1
Table_2c,ISC,58000,-12.7,140,14000,254,311,59.0,2356,,,,850,1859.1,7978.2
Table_2c,ISC,58000,-16.7,160,16000,251,318,59.6,2332,,,,850,1878.0,7856.3
Table_2c,ISC,58000,-20.7,180,18000,244,318,57.5,2227,,,,850,1811.9,7580.0
Table_2c,ISC,58000,-24.6,200,20000,236,318,55.0,2107,,,,850,1733.2,7259.4
Table_2c,ISC,58000,-28.6,220,22000,229,318,53.0,2008,,,,850,1670.2,6995.2
Table_2c,ISC,58000,-32.5,240,24000,222,319,51.6,1931,,,,850,1626.1,6775.4
Table_2c,ISC,58000,-34.5,250,25000,219,321,51.3,1907,,,,850,1616.7,6682.0
Table_2c,ISC,62000,15.0,0,0,245,245,45.5,2487,,,,850,1433.8,8263.3
Table_2c,ISC,62000,11.0,20,2000,245,252,46.7,2435,,,,850,1471.6,8213.2
Table_2c,ISC,62000,7.1,40,4000,242,256,46.8,2363,,,,850,1474.8,8072.8
Table_2c,ISC,62000,3.1,60,6000,239,261,46.9,2295,,,,850,1478.0,7872.0
Table_2c,ISC,62000,-0.8,80,8000,238,268,48.0,2257,,,,850,1512.6,7796.7
Table_2c,ISC,62000,-4.8,100,10000,256,295,57.7,2445,,,,850,1818.2,8351.2
Table_2c,ISC,62000,-8.8,120,12000,257,306,60.0,2440,,,,850,1890.6,8264.9
Table_2c,ISC,62000,-12.7,140,14000,257,315,62.0,2448,,,,850,1953.6,8262.6
Table_2c,ISC,62000,-16.7,160,16000,252,318,61.0,2374,,,,850,1922.0,8039.5
Table_2c,ISC,62000,-20.7,180,18000,244,318,58.5,2253,,,,850,1843.4,7711.4
Table_2c,ISC,62000,-24.6,200,20000,236,318,56.5,2153,,,,850,1780.4,7456.9
Table_2c,ISC,62000,-28.6,220,22000,230,321,56.3,2106,,,,850,1774.1,7327.2
Table_2c,ISC,62000,-32.5,240,24000,224,322,54.4,2023,,,,850,1714.2,7053.1
Table_2c,ISC,62000,-34.5,250,25000,220,322,53.4,1981,,,,850,1682.7,6923.5
Table_2c,ISC,64000,15.0,0,0,245,245,46.0,2500,,,,850,1449.6,8354.4
Table_2c,ISC,64000,11.0,20,2000,245,252,47.2,2451,,,,850,1487.4,8325.2
Table_2c,ISC,64000,7.1,40,4000,242,256,47.4,2381,,,,850,1493.7,8138.1
Table_2c,ISC,64000,3.1,60,6000,240,262,48.0,2327,,,,850,1512.6,8005.9
Table_2c,ISC,64000,-0.8,80,8000,239,268,48.7,2281,,,,850,1534.7,7910.4
Table_2c,ISC,64000,-4.8,100,10000,257,297,58.9,2475,,,,850,1856.0,8455.1
Table_2c,ISC,64000,-8.8,120,12000,259,308,61.6,2487,,,,850,1941.1,8420.6
Table_2c,ISC,64000,-12.7,140,14000,258,316,63.0,2480,,,,850,1985.1,8366.9
Table_2c,ISC,64000,-16.7,160,16000,252,318,61.6,2392,,,,850,1941.1,8119.5
Table_2c,ISC,64000,-20.7,180,18000,244,318,59.2,2273,,,,850,1865.4,7803.2
Table_2c,ISC,64000,-24.6,200,20000,236,318,57.2,2173,,,,850,1802.4,7549.1
Table_2c,ISC,64000,-28.6,220,22000,230,321,56.3,2106,,,,850,1774.1,7327.2
Table_2c,ISC,64000,-32.5,240,24000,225,323,55.6,2061,,,,850,1752.1,7180.0
Table_2c,ISC,64000,-34.5,250,25000,220,321,54.2,2010,,,,850,1708.0,7060.6
Table_2c,ISC,65200,15.0,0,0,245,245,46.3,2508,,,,850,1459.0,8408.6
Table_2c,ISC,65200,11.0,20,2000,245,252,47.5,2461,,,,850,1496.9,8378.6
Table_2c,ISC,65200,7.1,40,4000,242,257,47.8,2391,,,,850,1506.3,8209.5
Table_2c,ISC,65200,3.1,60,6000,241,262,48.5,2341,,,,850,1528.4,8089.7
Table_2c,ISC,65200,-0.8,80,8000,240,269,49.5,2301,,,,850,1559.9,8008.9
Table_2c,ISC,65200,-4.8,100,10000,258,298,59.9,2502,,,,850,1887.5,8562.9
Table_2c,ISC,65200,-8.8,120,12000,260,309,62.5,2512,,,,850,1969.4,8503.3
Table_2c,ISC,65200,-12.7,140,14000,258,316,63.5,2496,,,,850,2000.9,8433.5
Table_2c,ISC,65200,-16.7,160,16000,252,318,62.0,2404,,,,850,1953.6,8172.0
Table_2c,ISC,65200,-20.7,180,18000,244,318,59.5,2285,,,,850,1875.0,7843.2
Table_2c,ISC,65200,-24.6,200,20000,236,318,57.8,2188,,,,850,1821.3,7628.3
Table_2c,ISC,65200,-28.6,220,22000,231,322,57.8,2135,,,,850,1821.3,7488.8
Table_2c,ISC,65200,-32.5,240,24000,225,323,56.0,2077,,,,850,1764.7,7231.7
Table_2c,ISC,65200,-34.5,250,25000,219,321,54.5,2023,,,,850,1717.4,7099.5
Table_6b,Climb,42000,15.0,0,0,160,,96.0,,0.0,0,0,850,3025.3,
Table_6b,Climb,42000,11.0,20,2000,160,,96.0,,0.5,1,33,850,3025.3,
Table_6b,Climb,42000,7.1,40,4000,160,,96.0,,1.0,3,66,850,3025.3,
Table_6b,Climb,42000,3.1,60,6000,160,,96.0,,1.5,4,99,850,3025.3,
Table_6b,Climb,42000,-0.8,80,8000,160,,96.0,,2.1,6,132,850,3025.3,
Table_6b,Climb,42000,-4.8,100,10000,160,,96.0,,2.6,7,165,850,3025.3,
Table_6b,Climb,42000,-8.8,120,12000,161,,91.3,,3.1,9,198,850,2877.2,
Table_6b,Climb,42000,-12.7,140,14000,161,,86.7,,3.7,11,231,850,2732.2,
Table_6b,Climb,42000,-16.7,160,16000,161,,82.2,,4.4,13,266,850,2590.4,
Table_6b,Climb,42000,-20.7,180,18000,161,,77.7,,5.0,15,301,850,2448.6,
Table_6b,Climb,42000,-24.6,200,20000,161,,73.4,,5.8,18,337,850,2313.1,
Table_6b,Climb,42000,-28.6,220,22000,162,,68.4,,6.6,21,374,850,2155.5,
Table_6b,Climb,42000,-32.5,240,24000,162,,64.2,,7.6,25,414,850,2023.1,
Table_6b,Climb,42000,-34.5,250,25000,162,,62.2,,8.1,27,434,850,1960.1,
Table_6b,Climb,46000,15.0,0,0,160,,96.0,,0.0,0,0,850,3025.3,
Table_6b,Climb,46000,11.0,20,2000,160,,96.0,,0.6,2,37,850,3025.3,
Table_6b,Climb,46000,7.1,40,4000,160,,96.0,,1.1,3,74,850,3025.3,
Table_6b,Climb,46000,3.1,60,6000,160,,96.0,,1.7,5,111,850,3025.3,
Table_6b,Climb,46000,-0.8,80,8000,160,,96.0,,2.3,6,147,850,3025.3,
Table_6b,Climb,46000,-4.8,100,10000,160,,96.0,,2.9,8,184,850,3025.3,
Table_6b,Climb,46000,-8.8,120,12000,161,,91.3,,3.5,10,221,850,2877.2,
Table_6b,Climb,46000,-12.7,140,14000,161,,86.7,,4.2,12,259,850,2732.2,
Table_6b,Climb,46000,-16.7,160,16000,161,,82.2,,4.9,15,298,850,2590.4,
Table_6b,Climb,46000,-20.7,180,18000,161,,77.7,,5.7,17,338,850,2448.6,
Table_6b,Climb,46000,-24.6,200,20000,161,,73.4,,6.5,20,379,850,2313.1,
Table_6b,Climb,46000,-28.6,220,22000,162,,68.4,,7.5,24,422,850,2155.5,
Table_6b,Climb,46000,-32.5,240,24000,162,,64.2,,8.5,28,467,850,2023.1,
Table_6b,Climb,46000,-34.5,250,25000,162,,62.2,,9.1,30,491,850,1960.1,
Table_6b,Climb,50000,15.0,0,0,160,,96.0,,0.0,0,0,850,3025.3,
Table_6b,Climb,50000,11.0,20,2000,160,,96.0,,0.6,2,41,850,3025.3,
Table_6b,Climb,50000,7.1,40,4000,160,,96.0,,1.3,3,82,850,3025.3,
Table_6b,Climb,50000,3.1,60,6000,160,,96.0,,1.9,5,123,850,3025.3,
Table_6b,Climb,50000,-0.8,80,8000,160,,96.0,,2.6,7,164,850,3025.3,
Table_6b,Climb,50000,-4.8,100,10000,160,,96.0,,3.2,9,205,850,3025.3,
Table_6b,Climb,50000,-8.8,120,12000,161,,91.3,,3.9,11,247,850,2877.2,
Table_6b,Climb,50000,-12.7,140,14000,161,,86.7,,4.7,14,289,850,2732.2,
Table_6b,Climb,50000,-16.7,160,16000,161,,82.2,,5.5,16,333,850,2590.4,
Table_6b,Climb,50000,-20.7,180,18000,161,,77.7,,6.3,20,377,850,2448.6,
Table_6b,Climb,50000,-24.6,200,20000,161,,73.4,,7.3,23,424,850,2313.1,
Table_6b,Climb,50000,-28.6,220,22000,162,,68.4,,8.4,27,473,850,2155.5,
Table_6b,Climb,50000,-32.5,240,24000,162,,64.2,,9.6,32,525,850,2023.1,
Table_6b,Climb,50000,-34.5,250,25000,162,,62.2,,10.3,34,553,850,1960.1,
Table_6b,Climb,54000,15.0,0,0,160,,96.0,,0.0,0,0,850,3025.3,
Table_6b,Climb,54000,11.0,20,2000,160,,96.0,,0.7,2,46,850,3025.3,
Table_6b,Climb,54000,7.1,40,4000,160,,96.0,,1.4,4,91,850,3025.3,
Table_6b,Climb,54000,3.1,60,6000,160,,96.0,,2.1,6,137,850,3025.3,
Table_6b,Climb,54000,-0.8,80,8000,160,,96.0,,2.8,8,182,850,3025.3,
Table_6b,Climb,54000,-4.8,100,10000,160,,96.0,,3.6,10,228,850,3025.3,
Table_6b,Climb,54000,-8.8,120,12000,161,,91.3,,4.3,13,274,850,2877.2,
Table_6b,Climb,54000,-12.7,140,14000,161,,86.7,,5.2,15,321,850,2732.2,
Table_6b,Climb,54000,-16.7,160,16000,161,,82.2,,6.1,18,370,850,2590.4,
Table_6b,Climb,54000,-20.7,180,18000,161,,77.7,,7.1,22,421,850,2448.6,
Table_6b,Climb,54000,-24.6,200,20000,161,,73.4,,8.2,26,474,850,2313.1,
Table_6b,Climb,54000,-28.6,220,22000,162,,68.4,,9.4,31,530,850,2155.5,
Table_6b,Climb,54000,-32.5,240,24000,162,,64.2,,10.9,36,591,850,2023.1,
Table_6b,Climb,54000,-34.5,250,25000,162,,62.2,,11.7,39,623,850,1960.1,
Table_6b,Climb,58000,15.0,0,0,160,,96.0,,0.0,0,0,850,3025.3,
Table_6b,Climb,58000,11.0,20,2000,160,,96.0,,0.8,2,50,850,3025.3,
Table_6b,Climb,58000,7.1,40,4000,160,,96.0,,1.6,4,101,850,3025.3,
Table_6b,Climb,58000,3.1,60,6000,160,,96.0,,2.3,6,151,850,3025.3,
Table_6b,Climb,58000,-0.8,80,8000,160,,96.0,,3.1,9,201,850,3025.3,
Table_6b,Climb,58000,-4.8,100,10000,160,,96.0,,4.0,11,252,850,3025.3,
Table_6b,Climb,58000,-8.8,120,12000,161,,91.3,,4.8,14,304,850,2877.2,
Table_6b,Climb,58000,-12.7,140,14000,161,,86.7,,5.7,17,357,850,2732.2,
Table_6b,Climb,58000,-16.7,160,16000,161,,82.2,,6.8,20,412,850,2590.4,
Table_6b,Climb,58000,-20.7,180,18000,161,,77.7,,7.9,24,469,850,2448.6,
Table_6b,Climb,58000,-24.6,200,20000,161,,73.4,,9.1,29,529,850,2313.1,
Table_6b,Climb,58000,-28.6,220,22000,162,,68.4,,10.6,34,594,850,2155.5,
Table_6b,Climb,58000,-32.5,240,24000,162,,64.2,,12.2,41,664,850,2023.1,
Table_6b,Climb,58000,-34.5,250,25000,162,,62.2,,13.2,44,702,850,1960.1,
Table_6b,Climb,62000,15.0,0,0,160,,96.0,,0.0,0,0,850,3025.3,
Table_6b,Climb,62000,11.0,20,2000,160,,96.0,,0.9,2,56,850,3025.3,
Table_6b,Climb,62000,7.1,40,4000,160,,96.0,,1.7,5,111,850,3025.3,
Table_6b,Climb,62000,3.1,60,6000,160,,96.0,,2.6,7,167,850,3025.3,
Table_6b,Climb,62000,-0.8,80,8000,160,,96.0,,3.5,10,223,850,3025.3,
Table_6b,Climb,62000,-4.8,100,10000,160,,96.0,,4.4,13,279,850,3025.3,
Table_6b,Climb,62000,-8.8,120,12000,161,,91.3,,5.3,16,336,850,2877.2,
Table_6b,Climb,62000,-12.7,140,14000,161,,86.7,,6.4,19,396,850,2732.2,
Table_6b,Climb,62000,-16.7,160,16000,161,,82.2,,7.5,23,457,850,2590.4,
Table_6b,Climb,62000,-20.7,180,18000,161,,77.7,,8.8,27,522,850,2448.6,
Table_6b,Climb,62000,-24.6,200,20000,161,,73.4,,10.2,32,591,850,2313.1,
Table_6b,Climb,62000,-28.6,220,22000,162,,68.4,,11.9,38,666,850,2155.5,
Table_6b,Climb,62000,-32.5,240,24000,162,,64.2,,13.8,46,749,850,2023.1,
Table_6b,Climb,62000,-34.5,250,25000,162,,62.2,,15.0,51,795,850,1960.1,
Table_6b,Climb,64000,15.0,0,0,160,,96.0,,0.0,0,0,850,3025.3,
Table_6b,Climb,64000,11.0,20,2000,160,,96.0,,0.9,2,59,850,3025.3,
Table_6b,Climb,64000,7.1,40,4000,160,,96.0,,1.8,5,117,850,3025.3,
Table_6b,Climb,64000,3.1,60,6000,160,,96.0,,2.7,8,175,850,3025.3,
Table_6b,Climb,64000,-0.8,80,8000,160,,96.0,,3.7,10,234,850,3025.3,
Table_6b,Climb,64000,-4.8,100,10000,160,,96.0,,4.6,13,293,850,3025.3,
Table_6b,Climb,64000,-8.8,120,12000,161,,91.3,,5.6,16,354,850,2877.2,
Table_6b,Climb,64000,-12.7,140,14000,161,,86.7,,6.7,20,417,850,2732.2,
Table_6b,Climb,64000,-16.7,160,16000,161,,82.2,,7.9,24,482,850,2590.4,
Table_6b,Climb,64000,-20.7,180,18000,161,,77.7,,9.3,29,551,850,2448.6,
Table_6b,Climb,64000,-24.6,200,20000,161,,73.4,,10.8,34,625,850,2313.1,
Table_6b,Climb,64000,-28.6,220,22000,162,,68.4,,12.6,41,706,850,2155.5,
Table_6b,Climb,64000,-32.5,240,24000,162,,64.2,,14.8,49,797,850,2023.1,
Table_6b,Climb,64000,-34.5,250,25000,162,,62.2,,16.0,54,847,850,1960.1,
Table_6b,Climb,65200,15.0,0,0,160,,96.0,,0.0,0,0,850,3025.3,
Table_6b,Climb,65200,11.0,20,2000,160,,96.0,,0.9,2,60,850,3025.3,
Table_6b,Climb,65200,7.1,40,4000,160,,96.0,,1.9,5,120,850,3025.3,
Table_6b,Climb,65200,3.1,60,6000,160,,96.0,,2.8,8,181,850,3025.3,
Table_6b,Climb,65200,-0.8,80,8000,160,,96.0,,3.8,11,241,850,3025.3,
Table_6b,Climb,65200,-4.8,100,10000,160,,96.0,,4.8,14,302,850,3025.3,
Table_6b,Climb,65200,-8.8,120,12000,161,,91.3,,5.8,17,365,850,2877.2,
Table_6b,Climb,65200,-12.7,140,14000,161,,86.7,,6.9,21,430,850,2732.2,
Table_6b,Climb,65200,-16.7,160,16000,161,,82.2,,8.2,25,498,850,2590.4,
Table_6b,Climb,65200,-20.7,180,18000,161,,77.7,,9.6,30,570,850,2448.6,
Table_6b,Climb,65200,-24.6,200,20000,161,,73.4,,11.2,36,647,850,2313.1,
Table_6b,Climb,65200,-28.6,220,22000,162,,68.4,,13.1,42,732,850,2155.5,
Table_6b,Climb,65200,-32.5,240,24000,162,,64.2,,15.3,51,827,850,2023.1,
Table_6b,Climb,65200,-34.5,250,25000,162,,62.2,,16.7,57,881,850,1960.1,
Table_4,Descent,42000,15.0,0,0,240,,11.7,,0.0,0,0,850,368.6,
Table_4,Descent,42000,11.0,20,2000,240,,12.6,,1.0,4,25,850,397.0,
Table_4,Descent,42000,7.1,40,4000,240,,13.6,,2.0,8,50,850,428.5,
Table_4,Descent,42000,3.1,60,6000,240,,14.6,,3.0,13,74,850,460.1,
Table_4,Descent,42000,-0.8,80,8000,240,,15.6,,4.0,17,98,850,491.6,
Table_4,Descent,42000,-4.8,100,10000,277,,37.7,,5.0,22,126,850,1188.0,
Table_4,Descent,42000,-8.8,120,12000,278,,37.3,,6.0,27,156,850,1175.4,
Table_4,Descent,42000,-12.7,140,14000,278,,39.7,,7.0,33,187,850,1251.0,
Table_4,Descent,42000,-16.7,160,16000,280,,42.4,,8.0,39,217,850,1336.1,
Table_4,Descent,42000,-20.7,180,18000,281,,45.1,,9.0,45,248,850,1421.2,
Table_4,Descent,42000,-24.6,200,20000,270,,45.6,,10.0,51,279,850,1436.9,
Table_4,Descent,42000,-28.6,220,22000,259,,53.2,,11.7,61,337,850,1676.3,
Table_4,Descent,42000,-32.5,240,24000,249,,47.2,,13.7,73,398,850,1487.4,
Table_4,Descent,42000,-34.5,250,25000,243,,44.4,,14.6,78,425,850,1399.2,
Table_4,Descent,50000,15.0,0,0,240,,7.5,,0.0,0,0,850,236.4,
Table_4,Descent,50000,11.0,20,2000,240,,8.5,,1.0,4,22,850,267.9,
Table_4,Descent,50000,7.1,40,4000,240,,9.4,,2.0,8,43,850,296.2,
Table_4,Descent,50000,3.1,60,6000,240,,10.4,,3.0,13,65,850,327.7,
Table_4,Descent,50000,-0.8,80,8000,240,,11.5,,4.0,17,86,850,362.4,
Table_4,Descent,50000,-4.8,100,10000,277,,33.4,,5.0,22,112,850,1052.6,
Table_4,Descent,50000,-8.8,120,12000,278,,32.5,,6.0,27,141,850,1024.2,
Table_4,Descent,50000,-12.7,140,14000,278,,34.9,,7.0,33,170,850,1099.9,
Table_4,Descent,50000,-16.7,160,16000,280,,37.5,,8.0,39,199,850,1181.7,
Table_4,Descent,50000,-20.7,180,18000,281,,40.2,,9.0,45,228,850,1266.8,
Table_4,Descent,50000,-24.6,200,20000,270,,42.0,,10.0,51,258,850,1323.5,
Table_4,Descent,50000,-28.6,220,22000,259,,51.9,,11.7,61,314,850,1635.5,
Table_4,Descent,50000,-32.5,240,24000,249,,45.9,,13.7,73,374,850,1446.4,
Table_4,Descent,50000,-34.5,250,25000,243,,43.2,,14.6,78,400,850,1361.3,
Table_4,Descent,58000,15.0,0,0,240,,3.7,,0.0,0,0,850,116.6,
Table_4,Descent,58000,11.0,20,2000,240,,4.7,,1.0,4,19,850,148.1,
Table_4,Descent,58000,7.1,40,4000,240,,5.7,,2.0,8,37,850,179.6,
Table_4,Descent,58000,3.1,60,6000,240,,6.7,,3.0,13,56,850,211.1,
Table_4,Descent,58000,-0.8,80,8000,240,,7.7,,4.0,17,74,850,242.7,
Table_4,Descent,58000,-4.8,100,10000,277,,29.8,,5.0,22,99,850,939.1,
Table_4,Descent,58000,-8.8,120,12000,278,,28.5,,6.0,27,128,850,898.2,
Table_4,Descent,58000,-12.7,140,14000,278,,30.4,,7.0,33,157,850,958.0,
Table_4,Descent,58000,-16.7,160,16000,280,,33.0,,8.0,39,184,850,1039.9,
Table_4,Descent,58000,-20.7,180,18000,281,,35.7,,9.0,45,211,850,1125.0,
Table_4,Descent,58000,-24.6,200,20000,270,,38.8,,10.0,51,239,850,1222.7,
Table_4,Descent,58000,-28.6,220,22000,259,,51.0,,11.7,61,294,850,1607.2,
Table_4,Descent,58000,-32.5,240,24000,249,,45.1,,13.7,73,353,850,1421.2,
Table_4,Descent,58000,-34.5,250,25000,243,,42.5,,14.6,78,379,850,1339.2,
Table_4,Descent,65200,15.0,0,0,240,,0.5,,0.0,0,0,850,15.8,
Table_4,Descent,65200,11.0,20,2000,240,,1.5,,1.0,4,16,850,47.3,
Table_4,Descent,65200,7.1,40,4000,240,,2.5,,2.0,8,33,850,78.8,
Table_4,Descent,65200,3.1,60,6000,240,,3.6,,3.0,13,49,850,113.4,
Table_4,Descent,65200,-0.8,80,8000,240,,4.7,,4.0,17,64,850,148.1,
Table_4,Descent,65200,-4.8,100,10000,277,,26.5,,5.0,22,87,850,835.1,
Table_4,Descent,65200,-8.8,120,12000,278,,24.8,,6.0,27,114,850,781.6,
Table_4,Descent,65200,-12.7,140,14000,278,,27.2,,7.0,33,141,850,857.2,
Table_4,Descent,65200,-16.7,160,16000,280,,29.7,,8.0,39,169,850,936.0,
Table_4,Descent,65200,-20.7,180,18000,281,,32.0,,9.0,45,194,850,1008.4,
Table_4,Descent,65200,-24.6,200,20000,270,,36.1,,10.0,51,222,850,1137.6,
Table_4,Descent,65200,-28.6,220,22000,259,,50.6,,11.7,61,276,850,1594.5,
Table_4,Descent,65200,-32.5,240,24000,249,,44.8,,13.7,73,335,850,1411.7,
Table_4,Descent,65200,-34.5,250,25000,243,,42.2,,14.6,78,361,850,1329.8,
